,number,value,datetime_start,datetime_complete,duration,params_batchind,params_batchnormalization,params_batchnormalization0,params_batchnormalization1,params_batchnormalization2,params_batchnormalization3,params_batchnormalization4,params_batchnormalization5,params_batchnormalization6,params_dropout,params_epochs,params_filtersind0,params_filtersind1,params_filtersind2,params_filtersind3,params_filtersind4,params_filtersind5,params_filtersind6,params_kernel_size0,params_kernel_size1,params_kernel_size2,params_kernel_size3,params_kernel_size4,params_kernel_size5,params_kernel_size6,params_learnind,params_maxpooling,params_maxpooling0,params_maxpooling1,params_maxpooling2,params_maxpooling3,params_maxpooling4,params_maxpooling5,params_maxpooling6,params_n_conv_layers,params_n_dense_layers,params_num_hidden_neurons0,params_num_hidden_neurons1,state
0,0,0.10000000149011612,2024-07-28 10:16:47.388559,2024-07-28 10:30:14.362923,0 days 00:13:26.974364,6,False,True,False,False,False,True,True,True,0.34,85,6.0,8.0,8.0,6.0,5.0,5.0,5.0,3.0,11.0,9.0,5.0,7.0,11.0,3.0,0,False,False,True,True,True,False,False,False,8,2,22.0,,COMPLETE
1,1,0.10000000149011612,2024-07-28 10:16:47.392064,2024-07-28 10:50:54.270192,0 days 00:34:06.878128,5,True,True,False,True,False,True,,,0.42,84,8.0,8.0,6.0,8.0,7.0,,,3.0,5.0,5.0,3.0,3.0,,,0,False,False,False,True,False,True,,,6,3,8.0,4.0,COMPLETE
2,2,0.10000000149011612,2024-07-28 10:30:14.378567,2024-07-28 10:31:44.447094,0 days 00:01:30.068527,10,False,True,False,,,,,,0.1,32,5.0,7.0,,,,,,7.0,11.0,,,,,,0,True,True,True,,,,,,3,1,,,COMPLETE
3,3,0.10000000149011612,2024-07-28 10:31:44.457031,2024-07-28 10:50:06.662914,0 days 00:18:22.205883,6,True,True,False,False,False,True,,,0.36,74,7.0,8.0,8.0,7.0,6.0,,,7.0,9.0,11.0,5.0,11.0,,,1,False,False,False,True,False,True,,,6,3,27.0,44.0,COMPLETE
4,4,0.7282000184059143,2024-07-28 10:50:06.662914,2024-07-28 10:51:47.908934,0 days 00:01:41.246020,10,False,False,True,False,True,True,,,0.17,87,6.0,7.0,6.0,8.0,5.0,,,5.0,7.0,11.0,5.0,11.0,,,3,True,True,True,False,False,False,,,6,1,,,COMPLETE
5,5,0.10649999976158142,2024-07-28 10:50:54.291685,2024-07-28 10:53:50.008509,0 days 00:02:55.716824,5,True,False,True,,,,,,0.45,38,5.0,5.0,,,,,,7.0,5.0,,,,,,2,False,False,False,,,,,,3,2,4.0,,COMPLETE
6,6,0.772599995136261,2024-07-28 10:51:47.924774,2024-07-28 10:53:35.627705,0 days 00:01:47.702931,7,False,True,True,True,True,,,,0.22,135,7.0,5.0,6.0,7.0,,,,3.0,7.0,9.0,9.0,,,,3,False,True,True,True,False,,,,5,1,,,COMPLETE
7,7,0.17239999771118164,2024-07-28 10:53:35.643507,2024-07-28 10:56:25.573196,0 days 00:02:49.929689,8,True,False,True,True,,,,,0.41000000000000003,202,5.0,7.0,7.0,,,,,9.0,11.0,7.0,,,,,0,True,False,False,False,,,,,4,1,,,COMPLETE
8,8,0.6122000217437744,2024-07-28 10:53:50.024454,2024-07-28 11:29:52.831321,0 days 00:36:02.806867,5,False,,,,,,,,0.46,170,,,,,,,,,,,,,,,5,True,,,,,,,,1,3,21.0,47.0,COMPLETE
9,9,0.7016000151634216,2024-07-28 10:56:25.589531,2024-07-28 11:07:57.073132,0 days 00:11:31.483601,7,False,True,False,False,False,False,False,,0.12,249,7.0,5.0,5.0,6.0,5.0,6.0,,9.0,7.0,7.0,11.0,5.0,7.0,,5,True,False,True,False,True,False,True,,7,2,66.0,,COMPLETE
10,10,0.6886000037193298,2024-07-28 11:07:57.090389,2024-07-28 11:16:37.980731,0 days 00:08:40.890342,5,True,True,True,True,False,True,False,,0.44,246,8.0,8.0,7.0,5.0,5.0,5.0,,7.0,3.0,3.0,9.0,9.0,3.0,,5,True,False,False,True,True,False,True,,7,1,,,COMPLETE
11,11,0.6262000203132629,2024-07-28 11:16:37.996724,2024-07-28 11:17:48.703307,0 days 00:01:10.706583,8,False,,,,,,,,0.0,152,,,,,,,,,,,,,,,3,False,,,,,,,,1,1,,,COMPLETE
12,12,0.7283999919891357,2024-07-28 11:17:48.703307,2024-07-28 11:18:57.752970,0 days 00:01:09.049663,10,False,False,True,False,True,,,,0.21,147,6.0,6.0,6.0,8.0,,,,5.0,7.0,9.0,7.0,,,,3,True,True,True,False,False,,,,5,1,,,COMPLETE
13,13,0.7099999785423279,2024-07-28 11:18:57.774805,2024-07-28 11:22:48.994194,0 days 00:03:51.219389,9,False,False,True,True,,,,,0.25,153,7.0,6.0,5.0,,,,,5.0,7.0,9.0,,,,,4,False,True,True,False,,,,,4,1,,,COMPLETE
14,14,0.4666000008583069,2024-07-28 11:22:49.006274,2024-07-28 11:26:03.710688,0 days 00:03:14.704414,8,False,False,True,False,True,,,,0.23,180,6.0,6.0,6.0,7.0,,,,11.0,7.0,9.0,7.0,,,,2,True,True,True,False,False,,,,5,2,103.0,,COMPLETE
15,15,0.746999979019165,2024-07-28 11:26:03.726782,2024-07-28 11:46:15.252111,0 days 00:20:11.525329,7,False,False,,,,,,,0.3,292,7.0,,,,,,,3.0,,,,,,,4,True,True,,,,,,,2,1,,,COMPLETE
16,16,0.7404000163078308,2024-07-28 11:29:52.852178,2024-07-28 11:31:55.510961,0 days 00:02:02.658783,7,False,False,True,True,True,,,,0.31,120,7.0,5.0,6.0,8.0,,,,3.0,7.0,9.0,7.0,,,,4,False,True,True,True,False,,,,5,1,,,COMPLETE
17,17,0.7279000282287598,2024-07-28 11:31:55.520799,2024-07-28 11:42:23.102952,0 days 00:10:27.582153,7,False,True,True,,,,,,0.31,124,8.0,5.0,,,,,,3.0,3.0,,,,,,4,False,True,True,,,,,,3,2,8.0,,COMPLETE
18,18,0.703499972820282,2024-07-28 11:42:23.126607,2024-07-28 11:48:43.511216,0 days 00:06:20.384609,4,False,False,,,,,,,0.29,299,7.0,,,,,,,3.0,,,,,,,4,False,True,,,,,,,2,1,,,COMPLETE
19,19,0.692799985408783,2024-07-28 11:46:15.267743,2024-07-28 11:52:35.143895,0 days 00:06:19.876152,4,False,True,,,,,,,0.16,300,7.0,,,,,,,3.0,,,,,,,4,False,True,,,,,,,2,1,,,COMPLETE
20,20,0.19269999861717224,2024-07-28 11:48:43.526981,2024-07-28 11:52:15.501685,0 days 00:03:31.974704,6,False,True,,,,,,,0.16,223,8.0,,,,,,,11.0,,,,,,,2,True,True,,,,,,,2,2,51.0,,COMPLETE
21,21,0.7129999995231628,2024-07-28 11:52:15.521688,2024-07-28 11:53:41.114544,0 days 00:01:25.592856,9,False,True,,,,,,,0.05,283,7.0,,,,,,,3.0,,,,,,,3,True,True,,,,,,,2,1,,,COMPLETE
22,22,0.7520999908447266,2024-07-28 11:52:35.165042,2024-07-28 11:54:30.333669,0 days 00:01:55.168627,7,False,False,True,True,True,,,,0.28,108,7.0,5.0,5.0,7.0,,,,3.0,9.0,9.0,9.0,,,,3,False,True,True,True,False,,,,5,1,,,COMPLETE
23,23,0.7361000180244446,2024-07-28 11:53:41.130281,2024-07-28 11:57:14.065834,0 days 00:03:32.935553,7,False,False,True,True,True,,,,0.27,118,7.0,5.0,5.0,7.0,,,,3.0,9.0,9.0,9.0,,,,4,False,True,True,True,False,,,,5,1,,,COMPLETE
24,24,0.7592999935150146,2024-07-28 11:54:30.352989,2024-07-28 11:57:27.549241,0 days 00:02:57.196252,7,False,False,True,True,,,,,0.27,121,7.0,6.0,5.0,,,,,3.0,9.0,3.0,,,,,3,False,True,True,True,,,,,4,1,,,COMPLETE
25,25,0.7545999884605408,2024-07-28 11:57:14.083820,2024-07-28 11:59:43.341919,0 days 00:02:29.258099,8,False,False,True,True,,,,,0.36,193,6.0,6.0,5.0,,,,,3.0,9.0,5.0,,,,,3,False,True,True,True,,,,,4,1,,,COMPLETE
26,26,0.12999999523162842,2024-07-28 11:57:27.557888,2024-07-28 11:58:25.548098,0 days 00:00:57.990210,8,False,False,True,True,,,,,0.37,64,6.0,6.0,5.0,,,,,3.0,9.0,3.0,,,,,1,False,True,True,True,,,,,4,2,4.0,,COMPLETE
27,27,0.7573999762535095,2024-07-28 11:58:25.564103,2024-07-28 12:06:27.255779,0 days 00:08:01.691676,6,True,False,True,True,,,,,0.2,110,8.0,5.0,5.0,,,,,3.0,9.0,3.0,,,,,3,False,True,True,True,,,,,4,1,,,COMPLETE
28,28,0.717199981212616,2024-07-28 11:59:43.361028,2024-07-28 12:04:32.096897,0 days 00:04:48.735869,9,True,False,True,True,,,,,0.2,192,6.0,6.0,5.0,,,,,11.0,9.0,5.0,,,,,2,False,True,True,True,,,,,4,1,,,COMPLETE
29,29,0.10000000149011612,2024-07-28 12:04:32.118146,2024-07-28 12:12:09.646832,0 days 00:07:37.528686,6,False,False,True,,,,,,0.4,209,6.0,6.0,,,,,,9.0,9.0,,,,,,1,False,True,True,,,,,,3,2,10.0,,COMPLETE
30,30,0.10000000149011612,2024-07-28 12:06:27.271437,2024-07-28 12:18:25.729230,0 days 00:11:58.457793,6,True,False,True,True,True,False,True,False,0.11,99,8.0,5.0,7.0,5.0,8.0,8.0,8.0,9.0,9.0,3.0,11.0,3.0,9.0,5.0,1,False,True,True,True,True,,,,8,2,11.0,,COMPLETE
31,31,0.44200000166893005,2024-07-28 12:12:09.669861,2024-07-28 12:22:43.578480,0 days 00:10:33.908619,6,True,True,True,True,True,False,True,,0.11,12,8.0,5.0,7.0,5.0,8.0,8.0,,3.0,9.0,3.0,11.0,7.0,5.0,,2,False,True,True,True,True,,,,7,2,42.0,,COMPLETE
32,32,0.7746000289916992,2024-07-28 12:18:25.745112,2024-07-28 12:22:40.208795,0 days 00:04:14.463683,8,True,False,True,True,,,,,0.34,62,8.0,6.0,5.0,,,,,3.0,9.0,3.0,,,,,3,False,True,True,True,,,,,4,1,,,COMPLETE
33,33,0.7720000147819519,2024-07-28 12:22:40.224554,2024-07-28 12:32:37.891155,0 days 00:09:57.666601,6,True,False,True,True,,,,,0.5,58,8.0,5.0,5.0,,,,,3.0,9.0,3.0,,,,,3,False,True,True,True,,,,,4,1,,,COMPLETE
34,34,0.7710000276565552,2024-07-28 12:22:43.595470,2024-07-28 12:27:01.401677,0 days 00:04:17.806207,8,True,False,True,,,,,,0.5,62,8.0,7.0,,,,,,3.0,9.0,,,,,,3,False,True,True,,,,,,3,1,,,COMPLETE
35,35,0.7753999829292297,2024-07-28 12:27:01.418910,2024-07-28 12:30:31.872408,0 days 00:03:30.453498,9,True,False,True,,,,,,0.49,59,8.0,7.0,,,,,,3.0,3.0,,,,,,3,False,True,True,,,,,,3,1,,,COMPLETE
36,36,0.22509999573230743,2024-07-28 12:30:31.881438,2024-07-28 12:32:14.371324,0 days 00:01:42.489886,9,True,True,True,,,,,,0.49,55,8.0,7.0,,,,,,3.0,3.0,,,,,,2,False,True,True,,,,,,3,3,122.0,7.0,COMPLETE
37,37,0.7171000242233276,2024-07-28 12:32:14.384864,2024-07-28 12:39:32.621966,0 days 00:07:18.237102,9,True,False,True,,,,,,0.48,45,8.0,7.0,,,,,,3.0,3.0,,,,,,3,False,False,True,,,,,,3,1,,,COMPLETE
38,38,0.375900000333786,2024-07-28 12:32:37.912326,2024-07-28 12:38:17.360675,0 days 00:05:39.448349,10,True,True,False,True,True,False,,,0.47000000000000003,41,8.0,7.0,6.0,6.0,7.0,,,3.0,3.0,3.0,3.0,5.0,,,2,False,False,True,True,False,True,,,6,1,,,COMPLETE
39,39,0.7732999920845032,2024-07-28 12:38:17.376575,2024-07-28 12:45:24.417778,0 days 00:07:07.041203,9,True,False,True,True,True,False,,,0.38,80,8.0,5.0,6.0,6.0,6.0,,,5.0,3.0,3.0,9.0,9.0,,,3,False,True,True,True,False,True,,,6,1,,,COMPLETE
40,40,0.7892000079154968,2024-07-28 12:39:32.638007,2024-07-28 12:52:04.935448,0 days 00:12:32.297441,8,True,True,False,True,True,False,,,0.42,19,8.0,5.0,6.0,6.0,6.0,,,7.0,11.0,3.0,9.0,9.0,,,3,False,True,False,True,False,True,,,6,1,,,COMPLETE
41,41,0.7603999972343445,2024-07-28 12:45:24.438601,2024-07-28 12:58:48.686961,0 days 00:13:24.248360,9,True,True,False,True,True,False,,,0.34,88,8.0,8.0,6.0,6.0,6.0,,,5.0,3.0,11.0,9.0,9.0,,,2,False,True,False,True,False,True,,,6,1,,,COMPLETE
42,42,0.7720999717712402,2024-07-28 12:52:04.950724,2024-07-28 13:03:10.815841,0 days 00:11:05.865117,9,True,True,False,True,True,False,,,0.39,20,8.0,5.0,6.0,6.0,6.0,,,7.0,11.0,3.0,9.0,9.0,,,3,False,True,False,True,False,True,,,6,1,,,COMPLETE
43,43,0.7904999852180481,2024-07-28 12:58:48.704091,2024-07-28 13:10:12.538448,0 days 00:11:23.834357,8,True,True,False,True,True,False,,,0.43,18,8.0,5.0,6.0,6.0,6.0,,,7.0,11.0,3.0,9.0,9.0,,,3,False,True,False,True,False,True,,,6,1,,,COMPLETE
44,44,0.7667999863624573,2024-07-28 13:03:10.834473,2024-07-28 13:14:12.251339,0 days 00:11:01.416866,8,True,True,False,True,True,False,,,0.44,25,8.0,5.0,6.0,7.0,7.0,,,7.0,11.0,3.0,9.0,9.0,,,4,False,True,False,True,False,True,,,6,1,,,COMPLETE
45,45,0.7652999758720398,2024-07-28 13:10:12.559189,2024-07-28 13:30:44.500905,0 days 00:20:31.941716,8,True,True,False,True,True,False,False,,0.43,29,8.0,5.0,7.0,6.0,6.0,7.0,,7.0,11.0,3.0,9.0,9.0,5.0,,4,False,True,False,True,False,True,False,,7,1,,,COMPLETE
46,46,0.10000000149011612,2024-07-28 13:14:12.266984,2024-07-28 13:28:39.269560,0 days 00:14:27.002576,10,True,True,False,True,True,False,False,,0.43,81,8.0,7.0,8.0,6.0,6.0,7.0,,7.0,11.0,3.0,9.0,9.0,5.0,,3,False,False,False,True,False,True,False,,7,3,14.0,112.0,COMPLETE
47,47,0.804099977016449,2024-07-28 13:28:39.285396,2024-07-28 13:34:59.461999,0 days 00:06:20.176603,8,True,True,False,True,True,False,True,,0.34,32,8.0,5.0,7.0,5.0,6.0,7.0,,7.0,5.0,3.0,9.0,9.0,11.0,,3,False,True,False,True,False,True,True,,7,1,,,COMPLETE
48,48,0.7786999940872192,2024-07-28 13:30:44.519498,2024-07-28 13:36:18.755471,0 days 00:05:34.235973,8,True,False,False,True,True,False,True,True,0.34,11,5.0,6.0,6.0,5.0,6.0,6.0,5.0,5.0,5.0,3.0,9.0,9.0,11.0,11.0,3,False,True,False,True,False,True,True,,8,1,,,COMPLETE
49,49,0.8051000237464905,2024-07-28 13:34:59.461999,2024-07-28 13:53:24.072532,0 days 00:18:24.610533,8,True,True,False,False,True,False,True,True,0.34,46,5.0,6.0,8.0,5.0,7.0,6.0,5.0,7.0,5.0,7.0,9.0,9.0,11.0,11.0,2,False,False,False,True,False,True,True,True,8,1,,,COMPLETE
50,50,0.7421000003814697,2024-07-28 13:36:18.773910,2024-07-28 13:52:56.577180,0 days 00:16:37.803270,8,True,True,False,False,True,False,True,True,0.42,12,5.0,8.0,7.0,5.0,6.0,6.0,5.0,7.0,5.0,7.0,9.0,9.0,11.0,11.0,2,False,False,False,True,False,True,True,True,8,1,,,COMPLETE
51,51,0.632099986076355,2024-07-28 13:52:56.593322,2024-07-28 14:10:13.359424,0 days 00:17:16.766102,8,True,True,False,False,True,False,True,True,0.46,35,5.0,7.0,8.0,5.0,6.0,7.0,6.0,7.0,5.0,11.0,9.0,9.0,11.0,9.0,5,False,True,False,True,False,True,True,,8,1,,,COMPLETE
52,52,0.704800009727478,2024-07-28 13:53:24.072532,2024-07-28 14:09:09.699000,0 days 00:15:45.626468,8,True,True,False,False,True,False,True,True,0.46,37,5.0,6.0,8.0,5.0,7.0,6.0,5.0,7.0,5.0,7.0,9.0,9.0,11.0,11.0,2,False,False,False,True,False,True,True,True,8,1,,,COMPLETE
53,53,0.8057000041007996,2024-07-28 14:09:09.720936,2024-07-28 14:26:51.650009,0 days 00:17:41.929073,8,True,True,False,False,True,False,True,True,0.32,48,5.0,6.0,8.0,5.0,6.0,7.0,6.0,7.0,5.0,7.0,9.0,9.0,11.0,11.0,3,False,False,False,True,False,True,True,True,8,1,,,COMPLETE
54,54,0.7889000177383423,2024-07-28 14:10:13.368615,2024-07-28 14:27:31.047742,0 days 00:17:17.679127,8,True,True,False,False,True,False,True,,0.34,49,5.0,6.0,8.0,5.0,7.0,6.0,,7.0,5.0,7.0,9.0,9.0,11.0,,3,False,False,False,True,False,True,True,,7,1,,,COMPLETE
55,55,0.7749999761581421,2024-07-28 14:26:51.665984,2024-07-28 14:46:17.885730,0 days 00:19:26.219746,8,True,True,False,False,True,False,True,True,0.33,49,5.0,6.0,8.0,5.0,6.0,6.0,6.0,7.0,5.0,7.0,9.0,9.0,11.0,11.0,2,False,False,False,True,False,True,True,True,8,1,,,COMPLETE
56,56,0.7652000188827515,2024-07-28 14:27:31.047742,2024-07-28 14:51:58.864963,0 days 00:24:27.817221,7,True,True,False,False,True,False,True,,0.32,49,5.0,6.0,8.0,5.0,7.0,7.0,,7.0,5.0,7.0,9.0,9.0,11.0,,2,False,False,False,True,False,True,True,,7,1,,,COMPLETE
57,57,0.6877999901771545,2024-07-28 14:46:17.901660,2024-07-28 14:52:00.664133,0 days 00:05:42.762473,7,True,True,False,False,True,False,True,,0.36,72,5.0,6.0,8.0,5.0,7.0,7.0,,7.0,5.0,7.0,9.0,9.0,11.0,,4,True,False,False,True,False,True,True,,7,1,,,COMPLETE
58,58,0.7299000024795532,2024-07-28 14:51:58.882778,2024-07-28 15:04:21.303688,0 days 00:12:22.420910,7,True,True,False,False,True,False,True,,0.36,70,5.0,5.0,8.0,5.0,7.0,7.0,,7.0,5.0,7.0,9.0,9.0,11.0,,4,True,False,False,False,False,True,True,,7,1,,,COMPLETE
59,59,0.7631000280380249,2024-07-28 14:52:00.664133,2024-07-28 15:11:20.242535,0 days 00:19:19.578402,7,True,True,False,False,True,False,True,,0.41000000000000003,24,5.0,5.0,8.0,5.0,7.0,7.0,,7.0,5.0,7.0,3.0,9.0,11.0,,3,False,False,False,False,False,True,True,,7,1,,,COMPLETE
60,60,0.7257000207901001,2024-07-28 15:04:21.320238,2024-07-28 15:13:46.663416,0 days 00:09:25.343178,8,True,True,False,False,False,False,True,,0.24,23,5.0,5.0,8.0,5.0,6.0,6.0,,7.0,11.0,7.0,3.0,9.0,3.0,,3,False,False,False,True,False,True,True,,7,1,,,COMPLETE
61,61,0.8039000034332275,2024-07-28 15:11:20.261492,2024-07-28 15:22:50.203910,0 days 00:11:29.942418,8,True,True,False,False,True,False,True,False,0.25,36,5.0,6.0,7.0,5.0,6.0,6.0,7.0,7.0,11.0,7.0,9.0,9.0,9.0,7.0,3,False,False,False,True,False,True,True,True,8,1,,,COMPLETE
62,62,0.7698000073432922,2024-07-28 15:13:46.663416,2024-07-28 15:21:27.896763,0 days 00:07:41.233347,8,True,True,False,False,True,False,True,True,0.3,10,5.0,6.0,6.0,5.0,6.0,6.0,6.0,5.0,5.0,7.0,5.0,9.0,11.0,11.0,3,False,False,False,True,False,True,True,True,8,1,,,COMPLETE
63,63,0.79339998960495,2024-07-28 15:21:27.913381,2024-07-28 15:32:44.513041,0 days 00:11:16.599660,8,True,True,False,False,True,False,True,False,0.38,34,5.0,6.0,7.0,5.0,6.0,6.0,5.0,7.0,5.0,7.0,9.0,9.0,11.0,7.0,3,False,False,False,True,False,True,True,True,8,1,,,COMPLETE
64,64,0.786300003528595,2024-07-28 15:22:50.219609,2024-07-28 15:34:30.612184,0 days 00:11:40.392575,8,True,True,False,False,True,False,True,False,0.26,37,5.0,6.0,7.0,6.0,6.0,5.0,7.0,7.0,11.0,7.0,9.0,7.0,9.0,7.0,3,False,False,False,True,False,True,True,True,8,1,,,COMPLETE
65,65,0.10000000149011612,2024-07-28 15:32:44.529968,2024-07-28 15:46:15.271701,0 days 00:13:30.741733,8,True,True,False,False,False,False,True,False,0.38,31,6.0,6.0,7.0,5.0,6.0,5.0,7.0,7.0,11.0,7.0,9.0,7.0,9.0,7.0,0,False,False,False,True,False,True,True,True,8,1,,,COMPLETE
66,66,0.10000000149011612,2024-07-28 15:34:30.632873,2024-07-28 15:48:22.125420,0 days 00:13:51.492547,8,True,True,False,False,False,False,True,False,0.39,33,6.0,6.0,7.0,5.0,6.0,6.0,7.0,7.0,11.0,7.0,5.0,9.0,9.0,7.0,0,False,False,False,True,True,True,True,,8,1,,,COMPLETE
67,67,0.6836000084877014,2024-07-28 15:46:15.287080,2024-07-28 15:58:09.148723,0 days 00:11:53.861643,9,True,True,False,False,True,False,True,False,0.4,20,5.0,6.0,7.0,5.0,6.0,6.0,7.0,7.0,11.0,7.0,9.0,3.0,7.0,7.0,4,False,False,False,True,True,True,True,,8,1,,,COMPLETE
68,68,0.6610999703407288,2024-07-28 15:48:22.141172,2024-07-28 16:08:18.970796,0 days 00:19:56.829624,9,True,True,False,False,True,True,True,False,0.32,93,5.0,5.0,7.0,5.0,5.0,7.0,6.0,11.0,11.0,5.0,9.0,11.0,7.0,7.0,2,False,False,False,False,False,True,True,True,8,1,,,COMPLETE
69,69,0.20260000228881836,2024-07-28 15:58:09.157457,2024-07-28 16:11:00.835767,0 days 00:12:51.678310,7,True,True,False,False,True,False,True,,0.31,90,5.0,5.0,7.0,6.0,5.0,7.0,,11.0,5.0,5.0,9.0,11.0,9.0,,2,True,False,False,False,False,False,True,,7,2,6.0,,COMPLETE
70,70,0.48420000076293945,2024-07-28 16:08:18.988832,2024-07-28 16:31:56.553127,0 days 00:23:37.564295,7,True,True,False,False,True,True,True,,0.29,44,5.0,5.0,7.0,6.0,5.0,8.0,,7.0,5.0,11.0,7.0,5.0,9.0,,3,True,False,False,True,False,False,False,,7,2,35.0,,COMPLETE
71,71,0.8062999844551086,2024-07-28 16:11:00.851787,2024-07-28 16:20:36.233834,0 days 00:09:35.382047,8,True,True,False,False,True,True,True,False,0.29,51,7.0,5.0,7.0,6.0,6.0,8.0,5.0,7.0,5.0,11.0,7.0,5.0,11.0,5.0,3,False,False,False,True,False,True,False,True,8,1,,,COMPLETE
72,72,0.8048999905586243,2024-07-28 16:20:36.240454,2024-07-28 16:35:06.973865,0 days 00:14:30.733411,8,True,True,False,False,True,True,True,False,0.29,43,7.0,5.0,7.0,6.0,6.0,8.0,5.0,7.0,5.0,11.0,7.0,5.0,11.0,5.0,3,False,False,False,True,False,True,False,True,8,1,,,COMPLETE
73,73,0.8029999732971191,2024-07-28 16:31:56.560085,2024-07-28 16:49:31.513866,0 days 00:17:34.953781,8,True,True,False,False,True,True,True,False,0.25,19,7.0,5.0,7.0,6.0,6.0,8.0,5.0,7.0,5.0,11.0,7.0,5.0,11.0,5.0,3,False,False,False,True,False,True,False,True,8,1,,,COMPLETE
74,74,0.7921000123023987,2024-07-28 16:35:06.992663,2024-07-28 16:54:10.885883,0 days 00:19:03.893220,8,True,True,False,False,True,True,True,False,0.22,53,7.0,5.0,7.0,6.0,6.0,8.0,5.0,7.0,5.0,11.0,7.0,5.0,11.0,5.0,3,False,False,False,True,False,True,False,True,8,1,,,COMPLETE
75,75,0.7592999935150146,2024-07-28 16:49:31.521832,2024-07-28 17:18:24.243587,0 days 00:28:52.721755,8,True,True,False,False,True,True,True,False,0.25,53,7.0,5.0,7.0,5.0,6.0,8.0,5.0,9.0,5.0,11.0,7.0,5.0,11.0,5.0,3,False,False,False,True,False,True,False,True,8,1,,,COMPLETE
76,76,0.7475000023841858,2024-07-28 16:54:10.901614,2024-07-28 17:18:09.738003,0 days 00:23:58.836389,9,True,True,False,False,True,True,True,False,0.25,166,7.0,6.0,7.0,5.0,6.0,8.0,5.0,9.0,5.0,11.0,7.0,5.0,11.0,5.0,3,False,False,False,True,False,True,False,True,8,1,,,COMPLETE
77,77,0.8054999709129333,2024-07-28 17:18:09.738003,2024-07-28 17:38:06.979743,0 days 00:19:57.241740,8,True,True,False,False,True,True,True,False,0.28,136,7.0,5.0,7.0,7.0,6.0,8.0,5.0,7.0,5.0,11.0,7.0,5.0,11.0,5.0,3,False,False,False,True,False,True,False,True,8,1,,,COMPLETE
78,78,0.7901999950408936,2024-07-28 17:18:24.258225,2024-07-28 17:51:33.386590,0 days 00:33:09.128365,7,True,True,False,False,False,True,True,False,0.27,137,7.0,6.0,7.0,7.0,6.0,8.0,5.0,7.0,5.0,11.0,7.0,5.0,11.0,5.0,3,False,False,False,True,False,False,False,True,8,1,,,COMPLETE
79,79,0.7617999911308289,2024-07-28 17:38:06.995629,2024-07-28 17:57:58.229957,0 days 00:19:51.234328,7,True,True,False,False,False,True,True,False,0.28,146,7.0,5.0,7.0,7.0,6.0,8.0,5.0,7.0,5.0,11.0,7.0,5.0,11.0,5.0,4,False,False,False,True,True,False,False,True,8,1,,,COMPLETE
80,80,0.10000000149011612,2024-07-28 17:51:33.395096,2024-07-28 17:57:43.989851,0 days 00:06:10.594755,9,True,True,False,False,True,True,False,False,0.29,68,7.0,5.0,7.0,7.0,6.0,8.0,5.0,7.0,7.0,11.0,7.0,5.0,11.0,5.0,1,False,False,False,True,True,True,False,True,8,1,,,COMPLETE
81,81,0.7520999908447266,2024-07-28 17:57:44.008432,2024-07-28 18:16:58.901697,0 days 00:19:14.893265,8,True,True,False,False,True,True,True,False,0.18,75,7.0,5.0,7.0,8.0,8.0,8.0,5.0,7.0,5.0,11.0,7.0,5.0,3.0,5.0,4,False,False,False,True,False,True,False,False,8,1,,,COMPLETE
82,82,0.7926999926567078,2024-07-28 17:57:58.245963,2024-07-28 18:21:05.682039,0 days 00:23:07.436076,8,True,True,False,False,True,True,True,False,0.23,39,7.0,5.0,7.0,8.0,6.0,8.0,5.0,7.0,5.0,11.0,7.0,5.0,11.0,5.0,3,False,False,False,True,False,True,False,True,8,1,,,COMPLETE
83,83,0.7835000157356262,2024-07-28 18:16:58.919197,2024-07-28 18:34:35.009808,0 days 00:17:36.090611,8,True,True,False,False,True,True,True,False,0.23,41,7.0,5.0,7.0,6.0,6.0,8.0,5.0,7.0,5.0,11.0,11.0,5.0,11.0,5.0,3,False,False,False,True,False,True,False,True,8,1,,,COMPLETE
84,84,0.7608000040054321,2024-07-28 18:21:05.693096,2024-07-28 18:42:45.386384,0 days 00:21:39.693288,8,True,True,False,False,True,True,True,False,0.32,259,6.0,5.0,7.0,6.0,6.0,8.0,5.0,7.0,5.0,11.0,11.0,3.0,11.0,9.0,3,False,False,False,True,False,True,False,True,8,1,,,COMPLETE
85,85,0.7548999786376953,2024-07-28 18:34:35.025673,2024-07-28 18:51:46.358822,0 days 00:17:11.333149,8,True,True,False,False,True,True,False,False,0.3,28,6.0,6.0,7.0,6.0,6.0,8.0,6.0,7.0,5.0,11.0,7.0,3.0,11.0,9.0,3,False,False,False,True,False,True,False,True,8,1,,,COMPLETE
86,86,0.8233000040054321,2024-07-28 18:42:45.399061,2024-07-28 18:58:11.512795,0 days 00:15:26.113734,8,True,True,False,False,True,True,False,False,0.3,32,7.0,6.0,7.0,7.0,6.0,6.0,6.0,7.0,5.0,9.0,7.0,5.0,11.0,3.0,3,False,False,False,True,False,True,False,True,8,1,,,COMPLETE
87,87,0.7347000241279602,2024-07-28 18:51:46.378361,2024-07-28 19:07:31.449592,0 days 00:15:45.071231,8,True,True,False,False,True,True,True,,0.27,62,7.0,5.0,7.0,7.0,6.0,6.0,,7.0,5.0,9.0,7.0,5.0,5.0,,2,False,False,False,True,False,True,False,,7,1,,,COMPLETE
88,88,0.7738000154495239,2024-07-28 18:58:11.530695,2024-07-28 19:27:32.569857,0 days 00:29:21.039162,9,True,True,False,False,True,True,False,,0.28,61,7.0,5.0,7.0,7.0,6.0,6.0,,7.0,5.0,9.0,7.0,5.0,5.0,,2,False,False,False,True,False,True,False,,7,1,,,COMPLETE
89,89,0.7967000007629395,2024-07-28 19:07:31.465599,2024-07-28 19:26:56.588932,0 days 00:19:25.123333,9,True,True,False,False,True,True,False,,0.35000000000000003,45,7.0,5.0,8.0,7.0,6.0,7.0,,7.0,5.0,9.0,7.0,5.0,11.0,,3,False,False,False,True,False,True,False,,7,1,,,COMPLETE
90,90,0.4178999960422516,2024-07-28 19:26:56.604804,2024-07-28 19:45:12.481264,0 days 00:18:15.876460,8,True,True,False,False,True,True,False,True,0.26,105,7.0,6.0,7.0,7.0,6.0,6.0,6.0,7.0,7.0,9.0,7.0,5.0,11.0,3.0,2,False,False,False,True,False,True,False,True,8,3,77.0,17.0,COMPLETE
91,91,0.8057000041007996,2024-07-28 19:27:32.591730,2024-07-28 19:51:19.824511,0 days 00:23:47.232781,8,True,True,False,False,True,True,False,True,0.31,16,7.0,6.0,7.0,7.0,5.0,6.0,6.0,7.0,7.0,9.0,7.0,5.0,11.0,3.0,3,False,False,False,True,False,True,False,True,8,3,72.0,14.0,COMPLETE
92,92,0.7904999852180481,2024-07-28 19:45:12.496875,2024-07-28 20:06:16.412053,0 days 00:21:03.915178,9,True,True,False,False,True,True,False,True,0.33,45,7.0,5.0,8.0,7.0,6.0,7.0,6.0,7.0,5.0,9.0,7.0,5.0,11.0,3.0,3,False,False,False,True,False,True,False,True,8,1,,,COMPLETE
93,93,0.7868000268936157,2024-07-28 19:51:19.840259,2024-07-28 20:19:45.851369,0 days 00:28:26.011110,8,True,True,False,False,True,True,False,True,0.3,18,7.0,6.0,7.0,7.0,5.0,6.0,6.0,7.0,7.0,9.0,7.0,5.0,11.0,3.0,3,False,False,False,True,False,True,False,True,8,3,74.0,14.0,COMPLETE
94,94,0.800000011920929,2024-07-28 20:06:16.431461,2024-07-28 20:32:35.533951,0 days 00:26:19.102490,8,True,True,False,False,True,True,False,True,0.3,27,7.0,6.0,7.0,7.0,5.0,6.0,6.0,7.0,7.0,9.0,7.0,5.0,11.0,3.0,3,False,False,False,True,False,True,False,True,8,3,79.0,14.0,COMPLETE
95,95,0.8015999794006348,2024-07-28 20:19:45.866895,2024-07-28 20:45:40.917932,0 days 00:25:55.051037,8,True,True,False,False,True,True,False,True,0.29,28,7.0,6.0,7.0,7.0,5.0,6.0,7.0,7.0,7.0,9.0,7.0,5.0,11.0,3.0,3,False,False,False,True,False,True,False,True,8,2,57.0,,COMPLETE
96,96,0.791100025177002,2024-07-28 20:32:35.549556,2024-07-28 21:01:37.182940,0 days 00:29:01.633384,8,True,True,False,False,True,True,False,True,0.26,17,7.0,6.0,7.0,6.0,7.0,8.0,8.0,11.0,7.0,11.0,5.0,5.0,11.0,3.0,3,False,False,False,True,False,True,False,True,8,2,54.0,,COMPLETE
97,97,0.4401000142097473,2024-07-28 20:45:40.940407,2024-07-28 21:06:12.165942,0 days 00:20:31.225535,8,True,True,False,False,True,True,True,False,0.31,15,7.0,6.0,7.0,6.0,7.0,8.0,5.0,7.0,5.0,11.0,5.0,11.0,11.0,11.0,3,False,False,False,True,False,True,True,True,8,2,16.0,,COMPLETE
98,98,0.5809999704360962,2024-07-28 21:01:37.191947,2024-07-28 21:06:18.528550,0 days 00:04:41.336603,7,True,,,,,,,,0.31,54,,,,,,,,,,,,,,,3,False,,,,,,,,1,1,,,COMPLETE
99,99,0.5637000203132629,2024-07-28 21:06:12.177851,2024-07-28 21:14:35.905294,0 days 00:08:23.727443,7,True,,,,,,,,0.33,53,,,,,,,,,,,,,,,3,False,,,,,,,,1,1,,,COMPLETE
100,100,0.8012999892234802,2024-07-28 21:06:18.550236,2024-07-28 21:54:27.931182,0 days 00:48:09.380946,8,True,True,False,False,True,True,True,,0.35000000000000003,76,6.0,6.0,8.0,7.0,6.0,6.0,,7.0,5.0,11.0,7.0,7.0,7.0,,4,False,False,False,False,False,True,True,,7,3,30.0,33.0,COMPLETE
101,101,0.7523999810218811,2024-07-28 21:14:35.921047,2024-07-28 22:19:44.770744,0 days 01:05:08.849697,8,False,True,False,False,True,True,True,,0.24,211,6.0,7.0,8.0,7.0,6.0,6.0,,7.0,5.0,5.0,3.0,7.0,3.0,,4,False,False,False,False,False,True,True,,7,3,32.0,36.0,COMPLETE
102,102,0.8086000084877014,2024-07-28 21:54:27.950561,2024-07-28 22:23:43.009642,0 days 00:29:15.059081,8,True,True,False,False,True,True,False,True,0.28,27,7.0,6.0,7.0,7.0,5.0,6.0,7.0,7.0,7.0,9.0,7.0,5.0,11.0,3.0,3,False,False,False,True,False,True,False,False,8,2,105.0,,COMPLETE
103,103,0.8032000064849854,2024-07-28 22:19:44.786601,2024-07-28 22:45:50.579371,0 days 00:26:05.792770,8,True,True,False,False,True,True,False,True,0.29,31,7.0,6.0,7.0,7.0,5.0,6.0,7.0,7.0,7.0,9.0,7.0,5.0,11.0,3.0,3,False,False,False,True,False,True,False,False,8,2,99.0,,COMPLETE
104,104,0.7706999778747559,2024-07-28 22:23:43.017131,2024-07-28 22:45:05.094612,0 days 00:21:22.077481,8,True,True,False,False,True,True,False,True,0.28,33,7.0,6.0,7.0,7.0,5.0,6.0,7.0,7.0,7.0,9.0,7.0,5.0,11.0,3.0,3,False,False,False,True,False,True,False,False,8,1,,,COMPLETE
105,105,0.7856000065803528,2024-07-28 22:45:05.094612,2024-07-28 22:56:44.515418,0 days 00:11:39.420806,8,True,True,False,False,True,True,False,True,0.2,40,7.0,6.0,7.0,7.0,5.0,5.0,7.0,7.0,7.0,9.0,7.0,5.0,11.0,11.0,3,False,False,False,True,False,True,False,False,8,1,,,COMPLETE
106,106,0.7279000282287598,2024-07-28 22:45:50.595231,2024-07-28 23:01:48.343083,0 days 00:15:57.747852,5,True,True,False,False,True,False,False,True,0.32,41,7.0,6.0,7.0,7.0,5.0,6.0,7.0,9.0,7.0,9.0,7.0,9.0,11.0,3.0,3,True,False,False,True,False,True,True,,8,2,106.0,,COMPLETE
107,107,0.7656999826431274,2024-07-28 22:56:44.536569,2024-07-28 23:25:58.308755,0 days 00:29:13.772186,5,True,True,False,False,True,False,False,True,0.32,26,7.0,6.0,7.0,7.0,5.0,6.0,7.0,9.0,7.0,9.0,7.0,9.0,9.0,3.0,3,True,False,False,True,False,True,True,,8,2,104.0,,COMPLETE
108,108,0.82669997215271,2024-07-28 23:01:48.356213,2024-07-28 23:13:02.772440,0 days 00:11:14.416227,8,True,True,False,False,True,False,False,True,0.35000000000000003,66,7.0,6.0,7.0,7.0,5.0,6.0,8.0,5.0,7.0,9.0,7.0,9.0,9.0,11.0,3,False,False,False,True,False,True,True,False,8,2,95.0,,COMPLETE
109,109,0.8116000294685364,2024-07-28 23:13:02.783170,2024-07-28 23:23:38.105051,0 days 00:10:35.321881,8,True,True,False,False,True,False,False,,0.35000000000000003,66,7.0,6.0,7.0,7.0,5.0,6.0,,5.0,7.0,9.0,9.0,9.0,9.0,,3,False,False,False,True,False,True,True,,7,2,125.0,,COMPLETE
110,110,0.10000000149011612,2024-07-28 23:23:38.120720,2024-07-28 23:30:03.098127,0 days 00:06:24.977407,9,True,True,False,False,True,False,False,,0.35000000000000003,68,7.0,6.0,7.0,7.0,5.0,6.0,,5.0,7.0,9.0,3.0,9.0,9.0,,2,False,False,False,True,False,True,True,,7,2,125.0,,COMPLETE
111,111,0.10000000149011612,2024-07-28 23:25:58.325710,2024-07-28 23:55:33.295419,0 days 00:29:34.969709,8,True,True,False,False,True,False,False,,0.35000000000000003,81,7.0,6.0,7.0,7.0,5.0,7.0,,5.0,7.0,9.0,11.0,9.0,9.0,,2,False,False,False,True,False,True,True,,7,2,127.0,,COMPLETE
112,112,0.8004000186920166,2024-07-28 23:30:03.114467,2024-07-28 23:53:24.695233,0 days 00:23:21.580766,8,True,True,False,False,True,False,False,True,0.35000000000000003,47,7.0,6.0,7.0,7.0,5.0,6.0,8.0,5.0,7.0,9.0,9.0,9.0,9.0,11.0,3,False,False,False,True,False,True,True,False,8,2,86.0,,COMPLETE
113,113,0.8159999847412109,2024-07-28 23:53:24.711126,2024-07-29 00:18:19.311763,0 days 00:24:54.600637,8,True,True,False,False,True,False,False,True,0.37,59,7.0,6.0,7.0,5.0,5.0,6.0,8.0,5.0,7.0,9.0,9.0,9.0,9.0,11.0,3,False,False,False,True,False,True,True,False,8,2,128.0,,COMPLETE
114,114,0.8065000176429749,2024-07-28 23:55:33.295419,2024-07-29 00:18:18.623053,0 days 00:22:45.327634,8,True,True,False,False,True,False,True,True,0.37,56,7.0,6.0,7.0,5.0,5.0,6.0,8.0,5.0,7.0,7.0,9.0,9.0,9.0,11.0,3,False,False,False,True,False,True,True,False,8,2,62.0,,COMPLETE
115,115,0.6563000082969666,2024-07-29 00:18:18.640368,2024-07-29 03:26:09.879652,0 days 03:07:51.239284,4,True,True,False,False,True,False,True,True,0.33,59,7.0,6.0,7.0,5.0,5.0,6.0,8.0,5.0,7.0,9.0,9.0,9.0,9.0,11.0,3,False,False,False,True,False,True,True,False,8,2,42.0,,COMPLETE
116,116,0.7921000123023987,2024-07-29 00:18:19.327475,2024-07-29 00:28:54.451520,0 days 00:10:35.124045,8,True,True,False,False,True,False,False,True,0.37,66,7.0,6.0,7.0,7.0,5.0,6.0,8.0,5.0,7.0,9.0,9.0,9.0,9.0,11.0,3,False,False,False,True,False,True,True,False,8,2,92.0,,COMPLETE
117,117,0.8238999843597412,2024-07-29 00:28:54.470965,2024-07-29 00:43:01.489051,0 days 00:14:07.018086,8,True,True,False,False,True,False,False,True,0.33,58,7.0,6.0,7.0,5.0,5.0,6.0,8.0,5.0,7.0,9.0,9.0,9.0,9.0,11.0,3,False,False,False,True,False,True,True,False,8,2,68.0,,COMPLETE
118,118,0.7960000038146973,2024-07-29 00:43:01.504605,2024-07-29 00:54:47.346871,0 days 00:11:45.842266,8,True,True,False,False,True,False,False,True,0.37,56,7.0,6.0,7.0,5.0,5.0,6.0,8.0,5.0,7.0,9.0,9.0,9.0,9.0,11.0,3,False,False,False,True,True,False,True,False,8,2,68.0,,COMPLETE
119,119,0.775600016117096,2024-07-29 00:54:47.356373,2024-07-29 01:12:05.870301,0 days 00:17:18.513928,8,False,True,False,False,False,False,False,True,0.37,71,7.0,6.0,8.0,5.0,5.0,6.0,8.0,5.0,7.0,9.0,9.0,9.0,9.0,11.0,3,False,False,False,True,False,True,True,False,8,2,63.0,,COMPLETE
120,120,0.8299999833106995,2024-07-29 01:12:05.890167,2024-07-29 01:32:18.898408,0 days 00:20:13.008241,7,True,True,False,False,True,False,False,True,0.33,86,7.0,6.0,7.0,5.0,5.0,6.0,8.0,5.0,7.0,9.0,9.0,9.0,9.0,11.0,3,False,False,False,True,False,True,True,False,8,2,88.0,,COMPLETE
121,121,0.822700023651123,2024-07-29 01:32:18.914423,2024-07-29 01:44:26.423124,0 days 00:12:07.508701,7,True,True,False,False,True,False,False,True,0.33,102,7.0,6.0,7.0,5.0,5.0,6.0,8.0,5.0,7.0,9.0,9.0,9.0,9.0,11.0,3,False,False,False,True,False,True,True,False,8,2,87.0,,COMPLETE
122,122,0.8252000212669373,2024-07-29 01:44:26.433265,2024-07-29 01:57:22.924432,0 days 00:12:56.491167,7,True,True,False,False,True,False,False,True,0.33,97,7.0,6.0,7.0,5.0,5.0,6.0,8.0,5.0,7.0,9.0,9.0,9.0,9.0,11.0,3,False,False,False,True,False,True,True,False,8,2,89.0,,COMPLETE
123,123,0.8084999918937683,2024-07-29 01:57:22.940467,2024-07-29 02:08:42.400070,0 days 00:11:19.459603,7,True,True,False,False,True,False,False,True,0.33,93,7.0,6.0,7.0,5.0,5.0,6.0,8.0,5.0,7.0,9.0,9.0,9.0,9.0,11.0,3,False,False,False,True,False,True,True,False,8,2,88.0,,COMPLETE
124,124,0.7908999919891357,2024-07-29 02:08:42.407988,2024-07-29 02:22:26.618920,0 days 00:13:44.210932,7,True,True,False,False,True,False,False,True,0.33,97,7.0,6.0,7.0,5.0,5.0,6.0,8.0,5.0,7.0,9.0,9.0,9.0,9.0,11.0,3,False,False,False,True,False,True,True,False,8,2,92.0,,COMPLETE
125,125,0.8274999856948853,2024-07-29 02:22:26.642491,2024-07-29 02:40:11.490956,0 days 00:17:44.848465,7,True,True,False,False,True,False,False,True,0.36,116,7.0,6.0,7.0,5.0,5.0,6.0,8.0,5.0,7.0,9.0,9.0,9.0,9.0,11.0,3,False,False,False,True,False,True,True,False,8,2,111.0,,COMPLETE
126,126,0.7659000158309937,2024-07-29 02:40:11.504579,2024-07-29 02:57:54.856307,0 days 00:17:43.351728,7,True,True,False,False,True,False,False,True,0.39,110,7.0,6.0,7.0,5.0,5.0,6.0,8.0,5.0,7.0,9.0,9.0,9.0,9.0,11.0,3,False,False,False,True,False,True,True,False,8,2,108.0,,COMPLETE
127,127,0.8213000297546387,2024-07-29 02:57:54.856307,2024-07-29 03:10:49.849807,0 days 00:12:54.993500,7,True,True,False,False,True,False,False,True,0.36,85,7.0,6.0,7.0,5.0,5.0,6.0,8.0,5.0,7.0,9.0,9.0,9.0,9.0,11.0,3,False,False,False,True,False,True,True,False,8,2,88.0,,COMPLETE
128,128,0.7989000082015991,2024-07-29 03:10:49.849807,2024-07-29 03:20:33.804954,0 days 00:09:43.955147,7,True,True,False,False,True,False,False,True,0.36,87,7.0,6.0,7.0,5.0,5.0,6.0,8.0,5.0,7.0,9.0,9.0,9.0,9.0,11.0,3,False,False,False,True,False,True,True,False,8,2,87.0,,COMPLETE
129,129,0.7875999808311462,2024-07-29 03:20:33.825323,2024-07-29 03:38:42.433676,0 days 00:18:08.608353,6,True,True,False,False,True,False,False,True,0.38,117,7.0,6.0,7.0,5.0,5.0,6.0,8.0,5.0,7.0,9.0,9.0,9.0,9.0,11.0,3,False,False,False,True,False,True,True,False,8,2,110.0,,COMPLETE
130,130,0.8095999956130981,2024-07-29 03:26:09.896276,2024-07-29 03:52:19.256797,0 days 00:26:09.360521,6,True,True,False,False,True,False,False,True,0.4,92,7.0,6.0,7.0,5.0,5.0,6.0,8.0,5.0,7.0,9.0,9.0,9.0,9.0,11.0,3,False,False,False,True,False,True,True,False,8,2,108.0,,COMPLETE
131,131,0.7864999771118164,2024-07-29 03:38:42.444491,2024-07-29 03:51:34.965637,0 days 00:12:52.521146,7,True,True,False,False,True,False,False,True,0.4,100,7.0,6.0,7.0,5.0,5.0,6.0,8.0,5.0,7.0,9.0,9.0,9.0,9.0,11.0,3,False,False,False,True,False,True,True,False,8,2,89.0,,COMPLETE
132,132,0.8270999789237976,2024-07-29 03:51:34.986026,2024-07-29 04:14:08.596528,0 days 00:22:33.610502,7,True,True,False,False,True,False,False,True,0.36,84,7.0,6.0,7.0,5.0,5.0,6.0,8.0,5.0,7.0,9.0,9.0,9.0,9.0,11.0,3,False,False,False,True,False,True,True,False,8,2,117.0,,COMPLETE
133,133,0.8183000087738037,2024-07-29 03:52:19.277417,2024-07-29 04:34:47.325352,0 days 00:42:28.047935,6,True,True,False,False,True,False,False,True,0.36,85,7.0,6.0,7.0,5.0,5.0,6.0,8.0,5.0,7.0,9.0,9.0,9.0,9.0,11.0,3,False,False,False,True,False,True,True,False,8,2,115.0,,COMPLETE
134,134,0.7861999869346619,2024-07-29 04:14:08.596528,2024-07-29 04:43:03.314344,0 days 00:28:54.717816,6,True,True,False,False,True,False,False,True,0.36,85,7.0,6.0,7.0,5.0,5.0,6.0,8.0,5.0,7.0,9.0,9.0,9.0,9.0,11.0,3,False,False,False,True,False,True,True,False,8,2,128.0,,COMPLETE
135,135,0.8029000163078308,2024-07-29 04:34:47.342002,2024-07-29 05:05:54.285648,0 days 00:31:06.943646,6,True,True,False,False,True,False,False,True,0.36,85,7.0,6.0,7.0,5.0,5.0,6.0,8.0,5.0,7.0,9.0,9.0,9.0,9.0,11.0,3,False,False,False,True,False,True,True,False,8,2,128.0,,COMPLETE
136,136,0.741599977016449,2024-07-29 04:43:03.330319,2024-07-29 06:43:41.755540,0 days 02:00:38.425221,6,True,True,False,False,True,False,False,True,0.41000000000000003,127,7.0,6.0,7.0,5.0,5.0,6.0,8.0,5.0,7.0,9.0,9.0,9.0,9.0,11.0,3,False,False,False,True,False,False,True,False,8,2,114.0,,COMPLETE
137,137,0.8343999981880188,2024-07-29 05:05:54.293649,2024-07-29 05:32:30.240854,0 days 00:26:35.947205,6,True,True,False,False,True,,,,0.41000000000000003,102,7.0,6.0,7.0,5.0,,,,5.0,7.0,9.0,9.0,,,,3,False,False,False,True,True,,,,5,2,109.0,,COMPLETE
138,138,0.13349999487400055,2024-07-29 05:32:30.256529,2024-07-29 05:52:25.043025,0 days 00:19:54.786496,6,True,True,False,False,False,,,,0.41000000000000003,111,7.0,6.0,7.0,5.0,,,,5.0,7.0,9.0,9.0,,,,3,False,False,False,True,True,,,,5,2,111.0,,COMPLETE
139,139,0.8119999766349792,2024-07-29 05:52:25.052839,2024-07-29 06:13:44.969319,0 days 00:21:19.916480,6,True,True,False,False,True,,,,0.4,102,7.0,6.0,7.0,5.0,,,,5.0,7.0,9.0,9.0,,,,3,False,False,False,True,True,,,,5,2,111.0,,COMPLETE
140,140,0.23340000212192535,2024-07-29 06:13:44.984871,2024-07-29 06:28:30.301057,0 days 00:14:45.316186,6,False,True,False,False,True,False,,,0.38,128,7.0,6.0,7.0,5.0,5.0,,,5.0,7.0,9.0,9.0,9.0,,,3,False,False,False,False,True,False,,,6,2,97.0,,COMPLETE
141,141,0.8098000288009644,2024-07-29 06:28:30.322444,2024-07-29 06:41:07.287011,0 days 00:12:36.964567,7,True,True,False,False,True,False,,,0.34,104,7.0,6.0,7.0,5.0,5.0,,,5.0,7.0,9.0,9.0,9.0,,,3,False,False,False,True,True,False,,,6,2,82.0,,COMPLETE
142,142,0.805400013923645,2024-07-29 06:41:07.304201,2024-07-29 06:57:32.242682,0 days 00:16:24.938481,7,True,True,False,False,True,,,,0.34,105,7.0,6.0,7.0,5.0,,,,5.0,7.0,9.0,9.0,,,,3,False,False,False,True,True,,,,5,2,78.0,,COMPLETE
143,143,0.810699999332428,2024-07-29 06:43:41.771481,2024-07-29 07:05:13.896110,0 days 00:21:32.124629,7,True,True,False,False,True,,,,0.34,102,7.0,6.0,7.0,5.0,,,,5.0,7.0,9.0,9.0,,,,3,False,False,False,True,True,,,,5,2,80.0,,COMPLETE
144,144,0.8185999989509583,2024-07-29 06:57:32.256015,2024-07-29 07:15:32.663473,0 days 00:18:00.407458,7,True,True,False,False,True,,,,0.35000000000000003,100,7.0,6.0,7.0,5.0,,,,5.0,7.0,9.0,9.0,,,,3,False,False,False,True,True,,,,5,2,96.0,,COMPLETE
145,145,0.8094000220298767,2024-07-29 07:05:13.911918,2024-07-29 07:25:33.179235,0 days 00:20:19.267317,7,True,True,False,False,True,,,,0.39,79,7.0,6.0,7.0,5.0,,,,5.0,7.0,9.0,9.0,,,,3,False,False,False,True,True,,,,5,2,99.0,,COMPLETE
146,146,0.7997000217437744,2024-07-29 07:15:32.677067,2024-07-29 07:31:13.966365,0 days 00:15:41.289298,7,True,True,False,False,True,,,,0.01,116,7.0,6.0,7.0,5.0,,,,5.0,7.0,9.0,9.0,,,,3,False,False,False,True,True,,,,5,2,97.0,,COMPLETE
147,147,0.804099977016449,2024-07-29 07:25:33.186241,2024-07-29 07:36:33.288171,0 days 00:11:00.101930,7,True,True,True,False,True,,,,0.03,113,7.0,6.0,7.0,5.0,,,,5.0,7.0,9.0,9.0,,,,3,False,False,False,True,True,,,,5,2,117.0,,COMPLETE
148,148,0.14409999549388885,2024-07-29 07:31:13.987299,2024-07-29 07:35:38.741866,0 days 00:04:24.754567,7,True,True,True,False,,,,,0.36,95,7.0,6.0,7.0,,,,,5.0,3.0,9.0,,,,,3,True,False,False,True,,,,,4,2,116.0,,COMPLETE
149,149,0.810699999332428,2024-07-29 07:35:38.751867,2024-07-29 07:50:17.238266,0 days 00:14:38.486399,5,True,False,False,False,True,,,,0.38,78,7.0,6.0,7.0,5.0,,,,5.0,7.0,9.0,9.0,,,,3,False,False,True,True,True,,,,5,2,114.0,,COMPLETE
150,150,0.8080999851226807,2024-07-29 07:36:33.297601,2024-07-29 07:48:00.952813,0 days 00:11:27.655212,5,True,False,False,False,True,,,,0.44,78,7.0,6.0,7.0,5.0,,,,5.0,7.0,9.0,9.0,,,,3,False,False,True,True,True,,,,5,2,97.0,,COMPLETE
151,151,0.8288999795913696,2024-07-29 07:48:00.968986,2024-07-29 08:05:47.692278,0 days 00:17:46.723292,6,True,True,False,False,True,,,,0.37,88,7.0,6.0,7.0,5.0,,,,5.0,7.0,9.0,9.0,,,,3,False,False,False,True,True,,,,5,2,114.0,,COMPLETE
152,152,0.8019000291824341,2024-07-29 07:50:17.260005,2024-07-29 08:09:53.478702,0 days 00:19:36.218697,6,True,True,False,False,True,,,,0.35000000000000003,100,7.0,6.0,7.0,5.0,,,,5.0,7.0,9.0,9.0,,,,3,False,False,False,True,True,,,,5,2,79.0,,COMPLETE
153,153,0.8235999941825867,2024-07-29 08:05:47.692278,2024-07-29 08:27:51.181318,0 days 00:22:03.489040,6,True,True,False,False,True,,,,0.35000000000000003,88,7.0,6.0,7.0,5.0,,,,5.0,7.0,9.0,9.0,,,,3,False,False,False,True,True,,,,5,2,98.0,,COMPLETE
154,154,0.8248999714851379,2024-07-29 08:09:53.486701,2024-07-29 08:30:12.781539,0 days 00:20:19.294838,6,True,True,False,False,True,,,,0.36,87,7.0,6.0,7.0,5.0,,,,5.0,7.0,9.0,9.0,,,,3,False,False,False,True,True,,,,5,2,101.0,,COMPLETE
155,155,0.8093000054359436,2024-07-29 08:27:51.197051,2024-07-29 08:49:49.933176,0 days 00:21:58.736125,6,True,True,False,False,True,,,,0.37,89,7.0,6.0,7.0,5.0,,,,5.0,7.0,9.0,9.0,,,,3,False,False,False,True,True,,,,5,2,98.0,,COMPLETE
156,156,0.829800009727478,2024-07-29 08:30:12.800409,2024-07-29 08:47:44.769199,0 days 00:17:31.968790,6,True,True,False,False,True,,,,0.37,90,7.0,6.0,7.0,5.0,,,,5.0,7.0,9.0,9.0,,,,3,False,False,False,True,True,,,,5,2,98.0,,COMPLETE
157,157,0.8230999708175659,2024-07-29 08:47:44.785789,2024-07-29 09:11:13.345834,0 days 00:23:28.560045,6,True,True,False,False,True,,,,0.35000000000000003,88,7.0,6.0,7.0,5.0,,,,5.0,7.0,5.0,9.0,,,,3,False,False,False,True,True,,,,5,2,93.0,,COMPLETE
158,158,0.8195000290870667,2024-07-29 08:49:49.949117,2024-07-29 09:07:28.710682,0 days 00:17:38.761565,6,True,True,False,False,True,,,,0.08,84,7.0,6.0,7.0,5.0,,,,5.0,7.0,5.0,9.0,,,,3,False,False,False,True,True,,,,5,2,22.0,,COMPLETE
159,159,0.8086000084877014,2024-07-29 09:07:28.719700,2024-07-29 09:23:47.620831,0 days 00:16:18.901131,6,True,True,False,False,True,,,,0.13,89,7.0,6.0,7.0,5.0,,,,5.0,7.0,5.0,9.0,,,,3,False,False,False,True,True,,,,5,2,23.0,,COMPLETE
160,160,0.7645999789237976,2024-07-29 09:11:13.345834,2024-07-29 09:30:50.680833,0 days 00:19:37.334999,6,True,True,False,False,True,,,,0.09,93,7.0,6.0,7.0,5.0,,,,5.0,9.0,5.0,9.0,,,,3,False,False,False,True,True,,,,5,2,26.0,,COMPLETE
161,161,0.10000000149011612,2024-07-29 09:23:47.620831,2024-07-29 09:36:25.794341,0 days 00:12:38.173510,6,True,True,False,False,,,,,0.06,95,7.0,6.0,7.0,,,,,5.0,7.0,5.0,,,,,3,False,False,False,False,,,,,4,2,70.0,,COMPLETE
162,162,0.8184999823570251,2024-07-29 09:30:50.696588,2024-07-29 09:45:29.859491,0 days 00:14:39.162903,6,True,True,False,False,True,,,,0.34,97,7.0,6.0,7.0,5.0,,,,5.0,7.0,5.0,9.0,,,,3,False,False,False,True,True,,,,5,2,72.0,,COMPLETE
163,163,0.8219000101089478,2024-07-29 09:36:25.810117,2024-07-29 09:51:58.567572,0 days 00:15:32.757455,6,True,True,False,False,True,,,,0.34,82,7.0,6.0,7.0,5.0,,,,5.0,7.0,5.0,9.0,,,,3,False,False,False,True,True,,,,5,2,88.0,,COMPLETE
164,164,0.8086000084877014,2024-07-29 09:45:29.876425,2024-07-29 10:03:34.568166,0 days 00:18:04.691741,6,True,True,False,False,True,,,,0.33,83,7.0,6.0,7.0,5.0,,,,5.0,7.0,5.0,9.0,,,,3,False,False,False,True,True,,,,5,2,89.0,,COMPLETE
165,165,0.8154000043869019,2024-07-29 09:51:58.588255,2024-07-29 10:14:07.763997,0 days 00:22:09.175742,6,True,True,False,False,True,,,,0.32,74,7.0,6.0,7.0,5.0,,,,5.0,7.0,5.0,5.0,,,,3,False,False,False,True,True,,,,5,2,87.0,,COMPLETE
166,166,0.7835000157356262,2024-07-29 10:03:34.575748,2024-07-29 10:28:27.097063,0 days 00:24:52.521315,6,True,True,False,False,True,,,,0.32,74,7.0,6.0,7.0,5.0,,,,5.0,7.0,5.0,5.0,,,,3,False,False,False,True,True,,,,5,2,7.0,,COMPLETE
167,167,0.8181999921798706,2024-07-29 10:14:07.779644,2024-07-29 10:32:07.684444,0 days 00:17:59.904800,6,True,True,False,False,True,,,,0.35000000000000003,74,7.0,6.0,7.0,5.0,,,,5.0,7.0,5.0,9.0,,,,3,False,False,False,True,True,,,,5,2,83.0,,COMPLETE
168,168,0.10000000149011612,2024-07-29 10:28:27.106504,2024-07-29 10:36:59.427822,0 days 00:08:32.321318,6,True,True,False,False,False,,,,0.36,81,7.0,6.0,7.0,5.0,,,,5.0,7.0,5.0,9.0,,,,3,False,False,False,True,True,,,,5,2,17.0,,COMPLETE
169,169,0.1898999959230423,2024-07-29 10:32:07.699853,2024-07-29 10:42:00.040892,0 days 00:09:52.341039,6,True,True,False,False,False,,,,0.38,82,7.0,6.0,7.0,5.0,,,,11.0,7.0,5.0,11.0,,,,3,False,False,False,True,True,,,,5,2,104.0,,COMPLETE
170,170,0.5400999784469604,2024-07-29 10:36:59.444815,2024-07-29 10:52:37.795576,0 days 00:15:38.350761,6,False,True,False,True,,,,,0.38,88,7.0,6.0,7.0,,,,,11.0,7.0,5.0,,,,,3,False,False,False,True,,,,,4,2,103.0,,COMPLETE
171,171,0.7610999941825867,2024-07-29 10:42:00.056959,2024-07-29 11:04:24.767411,0 days 00:22:24.710452,6,False,True,False,True,True,False,,,0.33,89,7.0,6.0,7.0,5.0,5.0,,,5.0,7.0,9.0,3.0,11.0,,,3,True,False,False,True,True,False,,,6,2,5.0,,COMPLETE
172,172,0.7932999730110168,2024-07-29 10:52:37.815615,2024-07-29 11:01:40.576705,0 days 00:09:02.761090,7,True,True,False,False,True,False,,,0.34,97,7.0,6.0,7.0,5.0,8.0,,,5.0,7.0,9.0,9.0,11.0,,,3,False,False,False,True,True,False,,,6,2,94.0,,COMPLETE
173,173,0.8317000269889832,2024-07-29 11:01:40.587917,2024-07-29 11:18:44.932130,0 days 00:17:04.344213,7,True,True,False,False,True,,,,0.35000000000000003,108,7.0,6.0,7.0,5.0,,,,5.0,7.0,9.0,9.0,,,,3,False,False,False,True,True,,,,5,2,91.0,,COMPLETE
174,174,0.6779999732971191,2024-07-29 11:04:24.786452,2024-07-29 11:35:19.079744,0 days 00:30:54.293292,7,True,True,False,False,True,,,,0.35000000000000003,107,7.0,6.0,7.0,5.0,,,,5.0,3.0,9.0,9.0,,,,5,False,False,False,True,True,,,,5,2,92.0,,COMPLETE
175,175,0.8285999894142151,2024-07-29 11:18:44.947866,2024-07-29 11:43:26.095641,0 days 00:24:41.147775,5,True,True,False,False,True,,,,0.35000000000000003,105,7.0,6.0,7.0,5.0,,,,5.0,3.0,9.0,9.0,,,,3,False,False,False,True,True,,,,5,2,84.0,,COMPLETE
176,176,0.29260000586509705,2024-07-29 11:35:19.098157,2024-07-29 11:45:39.884930,0 days 00:10:20.786773,5,True,True,,,,,,,0.31,120,7.0,,,,,,,5.0,,,,,,,3,False,False,,,,,,,2,2,10.0,,COMPLETE
177,177,0.8137000203132629,2024-07-29 11:43:26.111313,2024-07-29 12:03:30.623252,0 days 00:20:04.511939,5,True,True,False,False,True,,,,0.37,119,7.0,6.0,7.0,5.0,,,,5.0,3.0,9.0,9.0,,,,3,False,False,False,True,True,,,,5,2,74.0,,COMPLETE
178,178,0.810699999332428,2024-07-29 11:45:39.905377,2024-07-29 11:56:08.231211,0 days 00:10:28.325834,7,True,True,False,False,True,,,,0.36,109,7.0,6.0,7.0,5.0,,,,5.0,3.0,9.0,9.0,,,,3,False,False,False,True,True,,,,5,2,74.0,,COMPLETE
179,179,0.8208000063896179,2024-07-29 11:56:08.235475,2024-07-29 12:39:11.668811,0 days 00:43:03.433336,4,True,True,False,False,True,,,,0.37,92,7.0,6.0,7.0,5.0,,,,5.0,3.0,9.0,9.0,,,,3,False,False,False,True,True,,,,5,2,82.0,,COMPLETE
180,180,0.8009999990463257,2024-07-29 12:03:30.639387,2024-07-29 12:11:39.944108,0 days 00:08:09.304721,7,True,True,False,False,True,,,,0.34,93,7.0,6.0,7.0,5.0,,,,5.0,3.0,9.0,9.0,,,,3,False,False,False,True,True,,,,5,2,84.0,,COMPLETE
181,181,0.8309000134468079,2024-07-29 12:11:39.962494,2024-07-29 12:31:43.593218,0 days 00:20:03.630724,5,True,True,False,False,True,,,,0.33,107,7.0,6.0,7.0,5.0,,,,5.0,7.0,9.0,9.0,,,,3,False,False,False,True,True,,,,5,2,103.0,,COMPLETE
182,182,0.8256000280380249,2024-07-29 12:31:43.610546,2024-07-29 12:51:11.441993,0 days 00:19:27.831447,5,True,True,False,False,True,,,,0.33,105,7.0,6.0,7.0,5.0,,,,5.0,7.0,9.0,9.0,,,,3,False,False,False,True,True,,,,5,2,107.0,,COMPLETE
183,183,0.8389999866485596,2024-07-29 12:39:11.697070,2024-07-29 13:04:18.028611,0 days 00:25:06.331541,5,True,True,False,False,True,,,,0.33,107,7.0,6.0,7.0,5.0,,,,5.0,7.0,9.0,9.0,,,,3,False,False,False,True,True,,,,5,2,103.0,,COMPLETE
184,184,0.8011000156402588,2024-07-29 12:51:11.457761,2024-07-29 13:20:28.612209,0 days 00:29:17.154448,5,True,True,False,False,True,,,,0.33,107,7.0,6.0,7.0,5.0,,,,5.0,7.0,9.0,9.0,,,,3,False,False,False,True,True,,,,5,2,104.0,,COMPLETE
185,185,0.7983999848365784,2024-07-29 13:04:18.028611,2024-07-29 13:28:02.341351,0 days 00:23:44.312740,5,True,True,False,False,True,,,,0.33,111,7.0,6.0,7.0,5.0,,,,5.0,7.0,9.0,9.0,,,,3,False,False,False,True,True,,,,5,2,103.0,,COMPLETE
186,186,0.8241000175476074,2024-07-29 13:20:28.628286,2024-07-29 13:41:24.325416,0 days 00:20:55.697130,5,True,True,False,False,True,,,,0.31,113,7.0,6.0,7.0,5.0,,,,5.0,7.0,9.0,9.0,,,,3,False,False,False,True,True,,,,5,2,104.0,,COMPLETE
187,187,0.800000011920929,2024-07-29 13:28:02.358034,2024-07-29 13:48:55.213214,0 days 00:20:52.855180,5,True,True,False,False,True,,,,0.31,104,7.0,6.0,7.0,5.0,,,,5.0,7.0,9.0,9.0,,,,3,False,False,False,True,True,,,,5,2,118.0,,COMPLETE
188,188,0.8206999897956848,2024-07-29 13:41:24.345926,2024-07-29 14:07:01.014758,0 days 00:25:36.668832,5,True,True,False,False,True,,,,0.31,124,7.0,6.0,7.0,5.0,,,,5.0,7.0,9.0,9.0,,,,3,False,False,False,True,True,,,,5,2,120.0,,COMPLETE
189,189,0.79830002784729,2024-07-29 13:48:55.228956,2024-07-29 14:52:45.938619,0 days 01:03:50.709663,5,True,True,False,False,True,,,,0.32,124,7.0,6.0,7.0,8.0,,,,5.0,7.0,9.0,9.0,,,,3,False,False,False,True,True,,,,5,2,108.0,,COMPLETE
190,190,0.10000000149011612,2024-07-29 14:07:01.030758,2024-07-29 14:24:52.653478,0 days 00:17:51.622720,5,True,True,False,False,,,,,0.32,114,7.0,6.0,7.0,,,,,5.0,7.0,9.0,,,,,3,False,False,False,True,,,,,4,2,108.0,,COMPLETE
191,191,0.7560999989509583,2024-07-29 14:24:52.670992,2024-07-29 14:56:31.109574,0 days 00:31:38.438582,5,True,True,False,False,True,,,,0.35000000000000003,133,7.0,6.0,7.0,5.0,,,,5.0,7.0,9.0,9.0,,,,3,False,False,False,False,True,,,,5,2,100.0,,COMPLETE
192,192,0.807200014591217,2024-07-29 14:52:45.954311,2024-07-29 15:12:39.119061,0 days 00:19:53.164750,5,True,True,False,False,True,,,,0.35000000000000003,99,7.0,6.0,7.0,5.0,,,,5.0,7.0,9.0,9.0,,,,3,False,False,False,True,True,,,,5,2,94.0,,COMPLETE
193,193,0.8101999759674072,2024-07-29 14:56:31.109574,2024-07-29 15:18:51.362346,0 days 00:22:20.252772,5,True,True,False,False,True,,,,0.33,100,7.0,6.0,7.0,5.0,,,,5.0,7.0,9.0,9.0,,,,3,False,False,False,True,True,,,,5,2,93.0,,COMPLETE
194,194,0.8312000036239624,2024-07-29 15:12:39.119061,2024-07-29 15:58:53.690969,0 days 00:46:14.571908,4,True,True,False,False,True,,,,0.33,106,7.0,6.0,7.0,5.0,,,,5.0,9.0,9.0,9.0,,,,3,False,False,False,True,True,,,,5,2,94.0,,COMPLETE
195,195,0.8163999915122986,2024-07-29 15:18:51.375268,2024-07-29 15:34:45.556685,0 days 00:15:54.181417,5,True,True,False,False,True,,,,0.3,108,7.0,6.0,7.0,5.0,,,,5.0,7.0,9.0,9.0,,,,3,False,False,False,True,True,,,,5,2,120.0,,COMPLETE
196,196,0.8241999745368958,2024-07-29 15:34:45.572723,2024-07-29 15:56:19.885962,0 days 00:21:34.313239,5,True,True,False,False,True,,,,0.33,115,7.0,6.0,7.0,5.0,,,,5.0,7.0,9.0,9.0,,,,3,False,False,False,True,True,,,,5,2,65.0,,COMPLETE
197,197,0.7491999864578247,2024-07-29 15:56:19.901831,2024-07-29 16:36:44.847068,0 days 00:40:24.945237,4,True,True,False,False,True,,,,0.34,115,7.0,6.0,7.0,5.0,,,,9.0,9.0,9.0,9.0,,,,3,False,False,False,True,True,,,,5,2,66.0,,COMPLETE
198,198,0.10000000149011612,2024-07-29 15:58:53.706824,2024-07-29 16:16:41.766447,0 days 00:17:48.059623,5,True,True,False,False,,,,,0.34,118,7.0,6.0,7.0,,,,,9.0,9.0,9.0,,,,,3,False,False,False,True,,,,,4,2,111.0,,COMPLETE
199,199,0.8159000277519226,2024-07-29 16:16:41.788756,2024-07-29 16:52:34.025548,0 days 00:35:52.236792,4,True,True,True,False,True,,,,0.32,111,7.0,6.0,7.0,5.0,,,,5.0,9.0,9.0,11.0,,,,3,False,False,False,True,True,,,,5,2,63.0,,COMPLETE
200,200,0.1543000042438507,2024-07-29 16:36:44.869243,2024-07-29 16:51:30.500052,0 days 00:14:45.630809,4,True,True,True,False,True,False,,,0.31,111,7.0,6.0,7.0,5.0,8.0,,,5.0,9.0,9.0,3.0,3.0,,,3,False,False,False,True,True,False,,,6,2,43.0,,COMPLETE
201,201,0.8029999732971191,2024-07-29 16:51:30.520487,2024-07-29 17:37:32.130476,0 days 00:46:01.609989,4,True,False,False,False,True,,,,0.32,106,7.0,6.0,7.0,5.0,,,,5.0,9.0,9.0,9.0,,,,3,False,False,False,True,True,,,,5,2,100.0,,COMPLETE
202,202,0.816100001335144,2024-07-29 16:52:34.034851,2024-07-29 17:16:16.309112,0 days 00:23:42.274261,5,True,True,False,False,True,,,,0.36,97,7.0,6.0,7.0,5.0,,,,5.0,7.0,9.0,9.0,,,,3,False,False,False,True,True,,,,5,2,101.0,,COMPLETE
203,203,0.8190000057220459,2024-07-29 17:16:16.309112,2024-07-29 17:36:35.809833,0 days 00:20:19.500721,5,True,True,False,False,True,,,,0.34,105,7.0,6.0,7.0,5.0,,,,5.0,7.0,9.0,9.0,,,,3,False,False,False,True,True,,,,5,2,94.0,,COMPLETE
204,204,0.8306999802589417,2024-07-29 17:36:35.828421,2024-07-29 17:58:49.494098,0 days 00:22:13.665677,5,True,True,False,False,True,,,,0.35000000000000003,93,7.0,6.0,7.0,5.0,,,,5.0,7.0,9.0,9.0,,,,3,False,False,False,True,True,,,,5,2,101.0,,COMPLETE
205,205,0.8248000144958496,2024-07-29 17:37:32.146144,2024-07-29 17:59:55.738259,0 days 00:22:23.592115,5,True,True,False,False,True,,,,0.35000000000000003,95,7.0,6.0,7.0,5.0,,,,5.0,7.0,9.0,9.0,,,,3,False,False,False,True,True,,,,5,2,78.0,,COMPLETE
206,206,0.8197000026702881,2024-07-29 17:58:49.494098,2024-07-29 18:25:29.166161,0 days 00:26:39.672063,5,True,True,False,False,True,,,,0.33,94,7.0,6.0,7.0,5.0,,,,5.0,7.0,9.0,9.0,,,,3,False,False,False,True,True,,,,5,2,112.0,,COMPLETE
207,207,0.8338000178337097,2024-07-29 17:59:55.760604,2024-07-29 18:28:39.325295,0 days 00:28:43.564691,5,True,True,False,False,True,,,,0.37,131,7.0,6.0,7.0,5.0,,,,5.0,7.0,9.0,9.0,,,,3,False,False,False,True,True,,,,5,2,78.0,,COMPLETE
208,208,0.7889999747276306,2024-07-29 18:25:29.166161,2024-07-29 18:31:20.459778,0 days 00:05:51.293617,5,True,True,False,False,True,,,,0.37,131,7.0,6.0,7.0,5.0,,,,5.0,7.0,9.0,9.0,,,,3,True,False,True,True,True,,,,5,2,82.0,,COMPLETE
209,209,0.8077999949455261,2024-07-29 18:28:39.325295,2024-07-29 18:37:24.223828,0 days 00:08:44.898533,5,True,True,False,False,True,,,,0.37,134,7.0,6.0,7.0,5.0,,,,5.0,7.0,9.0,9.0,,,,3,True,False,False,True,True,,,,5,2,80.0,,COMPLETE
210,210,0.8141000270843506,2024-07-29 18:31:20.478331,2024-07-29 19:01:44.621101,0 days 00:30:24.142770,5,True,True,False,False,True,,,,0.39,140,7.0,6.0,7.0,5.0,,,,5.0,7.0,9.0,9.0,,,,3,False,False,False,True,True,,,,5,2,75.0,,COMPLETE
211,211,0.8342999815940857,2024-07-29 18:37:24.239794,2024-07-29 19:08:12.245916,0 days 00:30:48.006122,5,True,True,False,False,True,,,,0.36,121,7.0,6.0,7.0,5.0,,,,5.0,7.0,9.0,9.0,,,,3,False,False,False,True,True,,,,5,2,74.0,,COMPLETE
212,212,0.8378999829292297,2024-07-29 19:01:44.637554,2024-07-29 19:29:43.732218,0 days 00:27:59.094664,5,True,True,False,False,True,,,,0.36,119,7.0,6.0,7.0,5.0,,,,5.0,7.0,9.0,9.0,,,,3,False,False,False,True,True,,,,5,2,105.0,,COMPLETE
213,213,0.8353000283241272,2024-07-29 19:08:12.265460,2024-07-29 19:45:55.566899,0 days 00:37:43.301439,5,True,True,False,False,True,,,,0.36,120,7.0,6.0,7.0,5.0,,,,5.0,7.0,9.0,9.0,,,,3,False,False,False,True,True,,,,5,2,69.0,,COMPLETE
214,214,0.8295000195503235,2024-07-29 19:29:43.748262,2024-07-29 20:07:17.007874,0 days 00:37:33.259612,5,True,True,False,False,True,,,,0.36,124,7.0,6.0,7.0,5.0,,,,5.0,7.0,9.0,9.0,,,,3,False,False,False,True,True,,,,5,2,107.0,,COMPLETE
215,215,0.8294000029563904,2024-07-29 19:45:55.566899,2024-07-29 20:35:44.251935,0 days 00:49:48.685036,5,True,True,False,False,True,,,,0.36,125,7.0,8.0,7.0,5.0,,,,5.0,7.0,9.0,9.0,,,,3,False,False,False,True,True,,,,5,2,87.0,,COMPLETE
216,216,0.835099995136261,2024-07-29 20:07:17.023845,2024-07-29 20:55:54.459524,0 days 00:48:37.435679,5,True,True,False,False,True,,,,0.36,123,7.0,8.0,7.0,5.0,,,,5.0,7.0,9.0,9.0,,,,3,False,False,False,True,True,,,,5,2,120.0,,COMPLETE
217,217,0.8371999859809875,2024-07-29 20:35:44.267927,2024-07-29 21:26:37.612310,0 days 00:50:53.344383,5,True,True,False,False,True,,,,0.37,124,7.0,8.0,7.0,5.0,,,,5.0,7.0,9.0,9.0,,,,3,False,False,False,True,True,,,,5,2,87.0,,COMPLETE
218,218,0.805400013923645,2024-07-29 20:55:54.480141,2024-07-29 21:40:46.016443,0 days 00:44:51.536302,5,True,True,False,False,True,,,,0.39,143,7.0,8.0,7.0,5.0,,,,5.0,7.0,9.0,9.0,,,,3,False,False,False,True,True,,,,5,2,116.0,,COMPLETE
219,219,0.8190000057220459,2024-07-29 21:26:37.632359,2024-07-29 22:05:30.918965,0 days 00:38:53.286606,5,True,True,False,False,True,,,,0.39,124,7.0,8.0,7.0,5.0,,,,5.0,7.0,3.0,9.0,,,,3,False,False,False,True,True,,,,5,2,124.0,,COMPLETE
220,220,0.829800009727478,2024-07-29 21:40:46.032417,2024-07-29 22:10:45.278357,0 days 00:29:59.245940,5,True,True,False,False,True,,,,0.37,123,7.0,8.0,7.0,5.0,,,,3.0,7.0,3.0,9.0,,,,3,False,False,False,True,True,,,,5,2,122.0,,COMPLETE
221,221,0.8237000107765198,2024-07-29 22:05:30.945322,2024-07-29 22:45:06.287482,0 days 00:39:35.342160,5,True,True,False,False,True,,,,0.38,121,7.0,8.0,7.0,5.0,,,,3.0,7.0,9.0,9.0,,,,3,False,False,False,True,True,,,,5,2,87.0,,COMPLETE
222,222,0.8184000253677368,2024-07-29 22:10:45.278357,2024-07-29 22:49:01.478493,0 days 00:38:16.200136,5,True,True,False,False,True,,,,0.38,126,7.0,8.0,7.0,5.0,,,,3.0,7.0,3.0,9.0,,,,3,False,False,False,True,True,,,,5,2,110.0,,COMPLETE
223,223,0.8277999758720398,2024-07-29 22:45:06.303277,2024-07-29 23:14:42.857411,0 days 00:29:36.554134,5,True,True,False,False,True,,,,0.37,129,7.0,8.0,7.0,5.0,,,,3.0,7.0,3.0,9.0,,,,3,False,False,False,True,True,,,,5,2,109.0,,COMPLETE
224,224,0.8392999768257141,2024-07-29 22:49:01.494607,2024-07-29 23:18:41.982715,0 days 00:29:40.488108,5,True,True,False,False,True,,,,0.36,120,7.0,8.0,7.0,5.0,,,,3.0,7.0,3.0,9.0,,,,3,False,False,False,True,True,,,,5,2,128.0,,COMPLETE
225,225,0.8320000171661377,2024-07-29 23:14:42.873036,2024-07-29 23:42:58.256086,0 days 00:28:15.383050,5,True,True,False,False,True,,,,0.37,129,7.0,8.0,7.0,5.0,,,,3.0,7.0,3.0,9.0,,,,3,False,False,False,True,True,,,,5,2,121.0,,COMPLETE
226,226,0.7949000000953674,2024-07-29 23:18:41.998721,2024-07-29 23:42:14.648192,0 days 00:23:32.649471,5,True,True,False,False,True,,,,0.37,130,7.0,8.0,7.0,5.0,,,,3.0,7.0,3.0,9.0,,,,3,False,False,False,True,True,,,,5,2,124.0,,COMPLETE
227,227,0.8320000171661377,2024-07-29 23:42:14.663960,2024-07-30 00:19:51.266332,0 days 00:37:36.602372,5,True,True,False,False,True,,,,0.37,120,7.0,8.0,7.0,5.0,,,,3.0,7.0,9.0,9.0,,,,3,False,False,False,True,True,,,,5,2,118.0,,COMPLETE
228,228,0.814300000667572,2024-07-29 23:42:58.271891,2024-07-30 00:14:05.900341,0 days 00:31:07.628450,5,True,True,False,False,True,,,,0.37,149,7.0,8.0,7.0,5.0,,,,3.0,3.0,3.0,9.0,,,,3,False,False,False,True,True,,,,5,2,126.0,,COMPLETE
229,229,0.8051000237464905,2024-07-30 00:14:05.918731,2024-07-30 01:36:37.075271,0 days 01:22:31.156540,5,True,True,False,False,True,,,,0.36,138,7.0,8.0,7.0,5.0,,,,3.0,7.0,3.0,9.0,,,,3,False,False,False,False,True,,,,5,2,114.0,,COMPLETE
230,230,0.7876999974250793,2024-07-30 00:19:51.282209,2024-07-30 01:05:43.702138,0 days 00:45:52.419929,5,True,True,False,False,True,,,,0.38,136,7.0,8.0,7.0,5.0,,,,3.0,7.0,3.0,9.0,,,,3,False,False,False,False,True,,,,5,2,119.0,,COMPLETE
231,231,0.8323000073432922,2024-07-30 01:05:43.720607,2024-07-30 01:34:49.077531,0 days 00:29:05.356924,5,True,True,False,True,True,,,,0.37,128,7.0,8.0,7.0,5.0,,,,3.0,7.0,3.0,9.0,,,,3,False,False,False,True,True,,,,5,2,116.0,,COMPLETE
232,232,0.8252999782562256,2024-07-30 01:34:49.096333,2024-07-30 02:03:14.579826,0 days 00:28:25.483493,5,True,True,False,True,True,,,,0.37,129,7.0,8.0,7.0,5.0,,,,3.0,7.0,3.0,9.0,,,,3,False,False,False,True,True,,,,5,2,128.0,,COMPLETE
233,233,0.8197000026702881,2024-07-30 01:36:37.085197,2024-07-30 02:04:50.724575,0 days 00:28:13.639378,5,True,True,False,True,True,,,,0.37,128,7.0,8.0,7.0,5.0,,,,3.0,7.0,3.0,9.0,,,,3,False,False,False,True,True,,,,5,2,120.0,,COMPLETE
234,234,0.828499972820282,2024-07-30 02:03:14.595782,2024-07-30 02:31:32.021154,0 days 00:28:17.425372,5,True,True,False,True,True,,,,0.39,122,7.0,8.0,7.0,5.0,,,,3.0,7.0,3.0,9.0,,,,3,False,False,False,True,True,,,,5,2,106.0,,COMPLETE
235,235,0.8180999755859375,2024-07-30 02:04:50.733926,2024-07-30 02:33:06.380596,0 days 00:28:15.646670,5,True,True,False,True,True,,,,0.39,122,7.0,8.0,7.0,5.0,,,,3.0,7.0,3.0,9.0,,,,3,False,False,False,True,True,,,,5,2,105.0,,COMPLETE
236,236,0.8256999850273132,2024-07-30 02:31:32.021154,2024-07-30 03:00:20.324622,0 days 00:28:48.303468,5,True,True,False,True,True,,,,0.39,122,7.0,8.0,7.0,5.0,,,,3.0,7.0,3.0,9.0,,,,3,False,False,False,True,True,,,,5,2,103.0,,COMPLETE
237,237,0.2502000033855438,2024-07-30 02:33:06.403531,2024-07-30 02:44:12.723920,0 days 00:11:06.320389,5,True,True,False,True,False,,,,0.41000000000000003,125,7.0,8.0,7.0,5.0,,,,3.0,7.0,3.0,9.0,,,,3,False,False,False,True,True,,,,5,2,93.0,,COMPLETE
238,238,0.8292999863624573,2024-07-30 02:44:12.739654,2024-07-30 03:00:21.341686,0 days 00:16:08.602032,5,True,True,False,True,True,,,,0.4,120,7.0,8.0,7.0,5.0,,,,3.0,7.0,3.0,9.0,,,,3,False,True,False,True,True,,,,5,2,99.0,,COMPLETE
239,239,0.8151999711990356,2024-07-30 03:00:20.340577,2024-07-30 03:08:35.642253,0 days 00:08:15.301676,5,True,True,False,True,True,,,,0.38,116,7.0,8.0,7.0,5.0,,,,3.0,7.0,3.0,9.0,,,,3,False,True,False,True,True,,,,5,2,87.0,,COMPLETE
240,240,0.804099977016449,2024-07-30 03:00:21.360037,2024-07-30 03:08:04.171135,0 days 00:07:42.811098,5,False,True,False,True,True,,,,0.42,117,7.0,8.0,7.0,5.0,,,,3.0,7.0,3.0,9.0,,,,3,False,True,False,True,True,,,,5,2,86.0,,COMPLETE
241,241,0.7990000247955322,2024-07-30 03:08:04.179287,2024-07-30 03:14:53.532456,0 days 00:06:49.353169,5,True,True,False,True,True,,,,0.36,119,7.0,8.0,7.0,5.0,,,,3.0,7.0,3.0,9.0,,,,3,False,True,True,True,True,,,,5,2,115.0,,COMPLETE
242,242,0.8299000263214111,2024-07-30 03:08:35.657878,2024-07-30 03:16:37.268281,0 days 00:08:01.610403,5,True,True,False,True,True,,,,0.36,120,7.0,8.0,7.0,5.0,,,,3.0,7.0,3.0,9.0,,,,3,False,True,False,True,True,,,,5,2,98.0,,COMPLETE
243,243,0.8226000070571899,2024-07-30 03:14:53.542461,2024-07-30 03:23:12.788611,0 days 00:08:19.246150,5,True,True,False,True,True,,,,0.4,155,7.0,8.0,7.0,5.0,,,,3.0,7.0,3.0,9.0,,,,3,False,True,False,True,True,,,,5,2,97.0,,COMPLETE
244,244,0.8148999810218811,2024-07-30 03:16:37.284755,2024-07-30 03:23:12.929526,0 days 00:06:35.644771,5,True,True,False,True,True,,,,0.36,134,7.0,8.0,7.0,5.0,,,,3.0,7.0,3.0,9.0,,,,3,False,True,False,True,True,,,,5,2,98.0,,COMPLETE
245,245,0.8289999961853027,2024-07-30 03:23:12.810443,2024-07-30 03:29:50.614727,0 days 00:06:37.804284,5,True,True,False,True,True,,,,0.36,128,7.0,8.0,7.0,5.0,,,,3.0,7.0,3.0,9.0,,,,3,False,True,False,True,True,,,,5,2,92.0,,COMPLETE
246,246,0.8213000297546387,2024-07-30 03:23:12.945151,2024-07-30 03:31:34.480678,0 days 00:08:21.535527,5,True,False,False,True,True,,,,0.36,125,7.0,8.0,7.0,5.0,,,,3.0,7.0,3.0,9.0,,,,3,False,True,False,True,True,,,,5,2,91.0,,COMPLETE
247,247,0.819100022315979,2024-07-30 03:29:50.634623,2024-07-30 03:38:02.570898,0 days 00:08:11.936275,5,True,False,False,True,True,,,,0.43,130,7.0,8.0,7.0,5.0,,,,3.0,7.0,3.0,9.0,,,,3,False,True,False,True,True,,,,5,2,91.0,,COMPLETE
248,248,0.829200029373169,2024-07-30 03:31:34.493432,2024-07-30 03:40:52.469255,0 days 00:09:17.975823,5,True,True,False,True,True,,,,0.38,131,7.0,8.0,7.0,5.0,,,,3.0,7.0,3.0,5.0,,,,3,False,True,False,True,True,,,,5,2,115.0,,COMPLETE
249,249,0.8151000142097473,2024-07-30 03:38:02.593685,2024-07-30 03:48:32.801244,0 days 00:10:30.207559,5,True,True,False,True,True,,,,0.38,122,7.0,8.0,7.0,5.0,,,,3.0,11.0,3.0,5.0,,,,3,False,True,False,True,True,,,,5,2,128.0,,COMPLETE
250,250,0.8115000128746033,2024-07-30 03:40:52.487859,2024-07-30 03:51:22.370879,0 days 00:10:29.883020,5,True,True,False,True,True,,,,0.38,137,7.0,8.0,7.0,5.0,,,,3.0,11.0,3.0,5.0,,,,3,False,True,False,True,True,,,,5,2,120.0,,COMPLETE
251,251,0.8378000259399414,2024-07-30 03:48:32.817360,2024-07-30 03:56:33.530241,0 days 00:08:00.712881,5,True,True,False,True,True,,,,0.36,142,7.0,8.0,7.0,5.0,,,,3.0,7.0,3.0,5.0,,,,3,False,True,False,True,True,,,,5,2,99.0,,COMPLETE
252,252,0.8180000185966492,2024-07-30 03:51:22.379018,2024-07-30 03:59:59.337733,0 days 00:08:36.958715,5,True,True,False,True,True,,,,0.36,145,7.0,8.0,7.0,5.0,,,,3.0,7.0,3.0,5.0,,,,3,False,True,False,True,True,,,,5,2,101.0,,COMPLETE
253,253,0.8215000033378601,2024-07-30 03:56:33.543001,2024-07-30 04:05:04.623114,0 days 00:08:31.080113,5,True,True,False,True,True,,,,0.4,143,7.0,8.0,7.0,5.0,,,,3.0,7.0,3.0,5.0,,,,3,False,True,False,True,True,,,,5,2,102.0,,COMPLETE
254,254,0.807699978351593,2024-07-30 03:59:59.360351,2024-07-30 04:08:35.744150,0 days 00:08:36.383799,5,True,True,False,True,True,,,,0.4,132,7.0,8.0,7.0,5.0,,,,3.0,9.0,3.0,5.0,,,,3,False,True,False,True,True,,,,5,2,111.0,,COMPLETE
255,255,0.8306999802589417,2024-07-30 04:05:04.642111,2024-07-30 04:14:22.330556,0 days 00:09:17.688445,5,True,True,False,True,True,,,,0.37,119,7.0,8.0,7.0,5.0,,,,3.0,9.0,3.0,5.0,,,,3,False,True,False,True,True,,,,5,2,114.0,,COMPLETE
256,256,0.8112999796867371,2024-07-30 04:08:35.753273,2024-07-30 04:18:28.105183,0 days 00:09:52.351910,5,True,True,False,True,True,True,,,0.38,118,7.0,8.0,7.0,5.0,7.0,,,3.0,7.0,3.0,5.0,7.0,,,3,False,True,False,True,True,False,,,6,2,58.0,,COMPLETE
257,257,0.8194000124931335,2024-07-30 04:14:22.346697,2024-07-30 04:24:03.307562,0 days 00:09:40.960865,5,True,True,False,True,True,True,,,0.35000000000000003,118,7.0,8.0,7.0,5.0,7.0,,,3.0,9.0,3.0,5.0,7.0,,,3,False,True,False,True,True,False,,,6,2,108.0,,COMPLETE
258,258,0.8151999711990356,2024-07-30 04:18:28.121292,2024-07-30 04:29:39.849349,0 days 00:11:11.728057,5,True,True,False,True,True,,,,0.35000000000000003,114,7.0,8.0,7.0,5.0,,,,3.0,9.0,3.0,5.0,,,,3,False,True,False,True,True,,,,5,2,108.0,,COMPLETE
259,259,0.807200014591217,2024-07-30 04:24:03.316072,2024-07-30 04:36:26.752592,0 days 00:12:23.436520,5,True,True,False,True,True,,,,0.37,114,7.0,8.0,7.0,5.0,,,,11.0,9.0,3.0,11.0,,,,3,False,True,False,True,True,,,,5,2,97.0,,COMPLETE
260,260,0.8075000047683716,2024-07-30 04:29:39.865146,2024-07-30 04:42:37.613733,0 days 00:12:57.748587,5,True,True,False,True,True,,,,0.37,123,7.0,8.0,7.0,5.0,,,,11.0,9.0,3.0,11.0,,,,3,False,True,False,True,True,,,,5,2,97.0,,COMPLETE
261,261,0.1459999978542328,2024-07-30 04:36:26.772009,2024-07-30 04:53:07.028714,0 days 00:16:40.256705,5,True,True,False,False,False,,,,0.36,169,7.0,8.0,7.0,5.0,,,,3.0,7.0,9.0,3.0,,,,3,False,True,False,True,True,,,,5,2,78.0,,COMPLETE
262,262,0.15199999511241913,2024-07-30 04:42:37.629641,2024-07-30 04:53:30.640335,0 days 00:10:53.010694,5,True,True,True,False,False,,,,0.36,110,7.0,8.0,7.0,5.0,,,,3.0,7.0,9.0,3.0,,,,3,False,True,False,True,True,,,,5,2,77.0,,COMPLETE
263,263,0.8271999955177307,2024-07-30 04:53:07.044756,2024-07-30 05:29:40.996396,0 days 00:36:33.951640,5,False,True,True,False,True,,,,0.35000000000000003,125,7.0,8.0,7.0,5.0,,,,3.0,7.0,9.0,9.0,,,,3,False,False,False,True,True,,,,5,2,71.0,,COMPLETE
264,264,0.10000000149011612,2024-07-30 04:53:30.663156,2024-07-30 05:29:27.424892,0 days 00:35:56.761736,4,False,True,False,False,,,,,0.35000000000000003,126,7.0,8.0,7.0,,,,,3.0,7.0,9.0,,,,,3,False,False,False,True,,,,,4,2,119.0,,COMPLETE
265,265,0.8410999774932861,2024-07-30 05:29:27.447216,2024-07-30 05:50:26.209347,0 days 00:20:58.762131,5,True,True,False,False,True,,,,0.37,121,7.0,7.0,7.0,5.0,,,,3.0,7.0,9.0,9.0,,,,3,False,False,False,True,True,,,,5,2,71.0,,COMPLETE
266,266,0.7773000001907349,2024-07-30 05:29:41.015863,2024-07-30 05:39:20.914827,0 days 00:09:39.898964,5,True,True,False,False,True,,,,0.37,119,7.0,8.0,7.0,5.0,,,,3.0,7.0,9.0,9.0,,,,3,True,False,True,True,True,,,,5,2,84.0,,COMPLETE
267,267,0.8375999927520752,2024-07-30 05:39:20.930717,2024-07-30 06:04:14.006777,0 days 00:24:53.076060,5,True,True,False,False,True,,,,0.34,140,7.0,7.0,7.0,5.0,,,,3.0,7.0,3.0,9.0,,,,3,False,False,False,True,True,,,,5,2,104.0,,COMPLETE
268,268,0.8356000185012817,2024-07-30 05:50:26.229249,2024-07-30 06:15:04.259393,0 days 00:24:38.030144,5,True,True,False,False,True,,,,0.37,139,7.0,7.0,7.0,5.0,,,,3.0,9.0,9.0,9.0,,,,3,False,False,False,True,True,,,,5,2,71.0,,COMPLETE
269,269,0.8260999917984009,2024-07-30 06:04:14.022548,2024-07-30 06:27:51.121076,0 days 00:23:37.098528,5,True,True,False,False,True,,,,0.34,139,7.0,7.0,6.0,5.0,,,,3.0,9.0,9.0,9.0,,,,3,False,False,False,True,True,,,,5,2,115.0,,COMPLETE
270,270,0.10000000149011612,2024-07-30 06:15:04.276095,2024-07-30 06:33:41.022410,0 days 00:18:36.746315,5,True,True,False,False,,,,,0.45,160,7.0,7.0,7.0,,,,,3.0,9.0,9.0,,,,,3,False,False,False,True,,,,,4,2,120.0,,COMPLETE
271,271,0.10000000149011612,2024-07-30 06:27:51.137356,2024-07-30 06:36:55.676973,0 days 00:09:04.539617,5,True,True,False,,,,,,0.37,142,7.0,7.0,,,,,,3.0,7.0,,,,,,3,False,False,False,,,,,,3,2,127.0,,COMPLETE
272,272,0.8202999830245972,2024-07-30 06:33:41.038515,2024-07-30 06:56:49.236174,0 days 00:23:08.197659,5,True,True,False,False,True,,,,0.38,151,7.0,7.0,7.0,5.0,,,,3.0,9.0,3.0,9.0,,,,3,False,False,False,True,True,,,,5,2,48.0,,COMPLETE
273,273,0.8112000226974487,2024-07-30 06:36:55.693720,2024-07-30 07:31:38.393661,0 days 00:54:42.699941,4,True,True,False,False,True,,,,0.35000000000000003,135,7.0,7.0,7.0,5.0,,,,3.0,9.0,3.0,9.0,,,,3,False,False,False,True,True,,,,5,2,68.0,,COMPLETE
274,274,0.8187000155448914,2024-07-30 06:56:49.244964,2024-07-30 07:19:03.782500,0 days 00:22:14.537536,5,True,True,False,False,True,,,,0.34,135,7.0,7.0,7.0,5.0,,,,3.0,9.0,9.0,9.0,,,,3,False,False,False,True,True,,,,5,2,73.0,,COMPLETE
275,275,0.7980999946594238,2024-07-30 07:19:03.790514,2024-07-30 08:32:00.332450,0 days 01:12:56.541936,4,True,True,False,False,True,,,,0.35000000000000003,134,7.0,7.0,7.0,5.0,,,,3.0,9.0,9.0,9.0,,,,3,False,False,False,True,True,,,,5,2,69.0,,COMPLETE
276,276,0.835099995136261,2024-07-30 07:31:38.411481,2024-07-30 07:48:48.333629,0 days 00:17:09.922148,5,True,True,False,False,True,,,,0.37,110,7.0,7.0,7.0,5.0,,,,3.0,7.0,9.0,9.0,,,,4,False,False,False,True,True,,,,5,2,70.0,,COMPLETE
277,277,0.7206000089645386,2024-07-30 07:48:48.341126,2024-07-30 08:26:06.445434,0 days 00:37:18.104308,5,True,True,False,False,True,,,,0.34,111,7.0,7.0,7.0,5.0,,,,9.0,9.0,9.0,9.0,,,,5,False,False,False,True,True,,,,5,2,68.0,,COMPLETE
278,278,0.8163999915122986,2024-07-30 08:26:06.461239,2024-07-30 09:17:12.191767,0 days 00:51:05.730528,5,True,True,False,False,True,True,,,0.39,106,7.0,7.0,7.0,5.0,8.0,,,3.0,7.0,9.0,9.0,3.0,,,4,False,False,False,False,True,False,,,6,2,69.0,,COMPLETE
279,279,0.822700023651123,2024-07-30 08:32:00.348646,2024-07-30 09:04:39.162546,0 days 00:32:38.813900,5,True,True,False,False,True,,,,0.38,107,7.0,7.0,5.0,5.0,,,,3.0,7.0,9.0,9.0,,,,4,False,False,False,False,True,,,,5,2,78.0,,COMPLETE
280,280,0.09989999979734421,2024-07-30 09:04:39.183932,2024-07-30 09:19:47.059296,0 days 00:15:07.875364,5,True,True,False,False,True,,,,0.36,111,7.0,7.0,7.0,5.0,,,,3.0,7.0,9.0,9.0,,,,0,False,False,False,True,True,,,,5,2,60.0,,COMPLETE
281,281,0.10000000149011612,2024-07-30 09:17:12.199772,2024-07-30 09:24:49.338264,0 days 00:07:37.138492,5,True,True,,,,,,,0.36,113,7.0,,,,,,,3.0,,,,,,,1,False,False,,,,,,,2,2,81.0,,COMPLETE
282,282,0.7511000037193298,2024-07-30 09:19:47.080780,2024-07-30 10:13:46.257805,0 days 00:53:59.177025,5,True,True,False,False,True,,,,0.37,147,7.0,7.0,7.0,5.0,,,,3.0,7.0,9.0,9.0,,,,5,False,False,False,True,True,,,,5,2,82.0,,COMPLETE
283,283,0.8338000178337097,2024-07-30 09:24:49.345758,2024-07-30 09:51:12.421999,0 days 00:26:23.076241,5,True,True,False,False,True,,,,0.37,147,7.0,7.0,7.0,5.0,,,,3.0,7.0,9.0,9.0,,,,4,False,False,False,True,True,,,,5,2,104.0,,COMPLETE
284,284,0.833899974822998,2024-07-30 09:51:12.442387,2024-07-30 10:18:19.437569,0 days 00:27:06.995182,5,True,True,False,False,True,,,,0.38,146,7.0,7.0,7.0,5.0,,,,3.0,7.0,9.0,9.0,,,,4,False,False,False,True,True,,,,5,2,74.0,,COMPLETE
285,285,0.5040000081062317,2024-07-30 10:13:46.279335,2024-07-30 10:56:00.258544,0 days 00:42:13.979209,5,True,False,False,False,True,,,,0.34,142,7.0,7.0,7.0,5.0,,,,3.0,7.0,9.0,9.0,,,,2,True,False,False,True,True,,,,5,2,63.0,,COMPLETE
286,286,0.7634000182151794,2024-07-30 10:18:19.458912,2024-07-30 10:25:01.165383,0 days 00:06:41.706471,5,True,False,False,False,True,,,,0.39,163,7.0,7.0,7.0,5.0,,,,3.0,7.0,9.0,5.0,,,,4,True,False,True,True,True,,,,5,2,72.0,,COMPLETE
287,287,0.8388000130653381,2024-07-30 10:25:01.180669,2024-07-30 10:44:43.617398,0 days 00:19:42.436729,5,True,True,False,False,True,,,,0.38,156,7.0,7.0,7.0,5.0,,,,3.0,7.0,9.0,9.0,,,,4,False,False,False,True,True,,,,5,2,63.0,,COMPLETE
288,288,0.8371999859809875,2024-07-30 10:44:43.637200,2024-07-30 11:05:35.622253,0 days 00:20:51.985053,5,True,True,False,False,True,,,,0.38,156,7.0,7.0,7.0,5.0,,,,3.0,7.0,9.0,9.0,,,,4,False,False,False,True,True,,,,5,2,56.0,,COMPLETE
289,289,0.8395000100135803,2024-07-30 10:56:00.274269,2024-07-30 11:25:21.105480,0 days 00:29:20.831211,5,True,True,False,False,True,,,,0.38,145,7.0,7.0,7.0,5.0,,,,3.0,7.0,9.0,9.0,,,,4,False,False,False,True,True,,,,5,2,75.0,,COMPLETE
290,290,0.8345999717712402,2024-07-30 11:05:35.630581,2024-07-30 11:31:50.935742,0 days 00:26:15.305161,5,True,True,False,False,True,,,,0.39,151,7.0,7.0,7.0,5.0,,,,3.0,7.0,9.0,9.0,,,,4,False,False,False,True,True,,,,5,2,63.0,,COMPLETE
291,291,0.8325999975204468,2024-07-30 11:25:21.121662,2024-07-30 11:56:13.608740,0 days 00:30:52.487078,5,True,True,False,False,True,,,,0.39,154,7.0,7.0,7.0,5.0,,,,3.0,7.0,9.0,9.0,,,,4,False,False,False,True,True,,,,5,2,58.0,,COMPLETE
292,292,0.8409000039100647,2024-07-30 11:31:50.955869,2024-07-30 12:01:14.310984,0 days 00:29:23.355115,5,True,True,False,False,True,,,,0.41000000000000003,149,7.0,7.0,7.0,5.0,,,,3.0,7.0,9.0,9.0,,,,4,False,False,False,True,True,,,,5,2,55.0,,COMPLETE
293,293,0.8417999744415283,2024-07-30 11:56:13.625615,2024-07-30 12:27:04.459457,0 days 00:30:50.833842,5,True,True,False,False,True,,,,0.41000000000000003,158,7.0,7.0,7.0,5.0,,,,3.0,7.0,9.0,9.0,,,,4,False,False,False,True,True,,,,5,2,55.0,,COMPLETE
294,294,0.8431000113487244,2024-07-30 12:01:14.329641,2024-07-30 12:29:00.434403,0 days 00:27:46.104762,5,True,True,False,False,True,,,,0.41000000000000003,155,7.0,7.0,7.0,5.0,,,,3.0,7.0,9.0,9.0,,,,4,False,False,False,True,True,,,,5,2,53.0,,COMPLETE
295,295,0.8251000046730042,2024-07-30 12:27:04.481440,2024-07-30 12:54:52.669316,0 days 00:27:48.187876,5,True,True,False,False,True,,,,0.41000000000000003,156,7.0,7.0,7.0,5.0,,,,3.0,7.0,9.0,9.0,,,,4,False,False,False,True,True,,,,5,2,52.0,,COMPLETE
296,296,0.8442000150680542,2024-07-30 12:29:00.453410,2024-07-30 12:55:16.699185,0 days 00:26:16.245775,5,True,True,False,False,True,,,,0.41000000000000003,177,7.0,7.0,7.0,5.0,,,,3.0,7.0,9.0,9.0,,,,4,False,False,False,True,True,,,,5,2,59.0,,COMPLETE
297,297,0.8295999765396118,2024-07-30 12:54:52.694310,2024-07-30 13:25:46.304024,0 days 00:30:53.609714,5,True,True,False,False,True,,,,0.41000000000000003,181,7.0,7.0,7.0,5.0,,,,3.0,7.0,9.0,9.0,,,,4,False,False,False,True,True,,,,5,2,55.0,,COMPLETE
298,298,0.8325999975204468,2024-07-30 12:55:16.718728,2024-07-30 13:26:09.852915,0 days 00:30:53.134187,5,True,True,False,False,True,,,,0.4,175,7.0,7.0,7.0,5.0,,,,3.0,7.0,9.0,9.0,,,,4,False,False,False,True,True,,,,5,2,55.0,,COMPLETE
299,299,0.8359000086784363,2024-07-30 13:25:46.320060,2024-07-30 13:57:25.747984,0 days 00:31:39.427924,5,True,True,False,False,True,,,,0.42,177,7.0,7.0,7.0,5.0,,,,3.0,7.0,9.0,9.0,,,,4,False,False,False,True,True,,,,5,2,57.0,,COMPLETE
300,300,0.8450000286102295,2024-07-30 13:26:09.877451,2024-07-30 13:56:23.806430,0 days 00:30:13.928979,5,True,True,False,False,True,,,,0.41000000000000003,159,7.0,7.0,7.0,5.0,,,,3.0,7.0,9.0,9.0,,,,4,False,False,False,True,True,,,,5,2,48.0,,COMPLETE
301,301,0.8422999978065491,2024-07-30 13:56:23.830012,2024-07-30 14:27:15.707949,0 days 00:30:51.877937,5,True,True,False,False,True,,,,0.43,163,7.0,7.0,7.0,5.0,,,,3.0,7.0,9.0,9.0,,,,4,False,False,False,True,True,,,,5,2,50.0,,COMPLETE
302,302,0.8429999947547913,2024-07-30 13:57:25.767198,2024-07-30 14:31:25.938827,0 days 00:34:00.171629,5,True,True,False,False,True,,,,0.42,188,7.0,7.0,7.0,5.0,,,,3.0,7.0,9.0,9.0,,,,4,False,False,False,True,True,,,,5,2,45.0,,COMPLETE
303,303,0.8464999794960022,2024-07-30 14:27:15.707949,2024-07-30 14:58:27.371548,0 days 00:31:11.663599,5,True,True,False,False,True,,,,0.42,188,7.0,7.0,7.0,5.0,,,,3.0,7.0,9.0,9.0,,,,4,False,False,False,True,True,,,,5,2,47.0,,COMPLETE
304,304,0.8555999994277954,2024-07-30 14:31:25.956941,2024-07-30 15:07:41.414452,0 days 00:36:15.457511,5,True,True,True,False,True,,,,0.42,186,7.0,7.0,7.0,5.0,,,,3.0,7.0,9.0,9.0,,,,4,False,False,False,True,True,,,,5,2,46.0,,COMPLETE
305,305,0.8356000185012817,2024-07-30 14:58:27.394208,2024-07-30 15:31:44.863975,0 days 00:33:17.469767,5,False,True,True,False,True,,,,0.42,186,7.0,7.0,7.0,5.0,,,,3.0,7.0,9.0,9.0,,,,4,False,False,False,True,True,,,,5,2,44.0,,COMPLETE
306,306,0.8422999978065491,2024-07-30 15:07:41.430059,2024-07-30 15:41:09.921935,0 days 00:33:28.491876,5,True,True,True,False,True,,,,0.43,188,7.0,7.0,7.0,5.0,,,,3.0,7.0,9.0,9.0,,,,4,False,False,False,True,True,,,,5,2,47.0,,COMPLETE
307,307,0.8119999766349792,2024-07-30 15:31:44.879897,2024-07-30 16:03:36.528802,0 days 00:31:51.648905,5,False,True,True,False,False,,,,0.42,192,7.0,7.0,7.0,5.0,,,,3.0,7.0,9.0,9.0,,,,4,False,False,False,True,True,,,,5,2,46.0,,COMPLETE
308,308,0.8126999735832214,2024-07-30 15:41:09.921935,2024-07-30 16:10:02.332950,0 days 00:28:52.411015,5,False,True,True,False,False,,,,0.43,185,7.0,7.0,7.0,5.0,,,,3.0,7.0,9.0,9.0,,,,4,False,False,False,True,True,,,,5,2,45.0,,COMPLETE
309,309,0.8086000084877014,2024-07-30 16:03:36.551745,2024-07-30 16:24:35.486956,0 days 00:20:58.935211,5,False,True,False,False,True,,,,0.44,198,7.0,7.0,7.0,5.0,,,,3.0,7.0,9.0,9.0,,,,4,False,False,True,True,True,,,,5,2,38.0,,COMPLETE
310,310,0.8330000042915344,2024-07-30 16:10:02.332950,2024-07-30 16:41:04.569150,0 days 00:31:02.236200,5,True,True,True,False,True,,,,0.44,185,7.0,7.0,7.0,5.0,,,,3.0,7.0,7.0,9.0,,,,4,False,False,False,True,True,,,,5,2,37.0,,COMPLETE
311,311,0.8172000050544739,2024-07-30 16:24:35.503741,2024-07-30 16:51:36.728479,0 days 00:27:01.224738,5,False,True,True,False,True,,,,0.43,187,7.0,7.0,7.0,5.0,,,,3.0,11.0,7.0,9.0,,,,4,False,False,False,True,True,,,,5,2,41.0,,COMPLETE
